{"location":{"name":"Sitborice","region":"Jihomoravsky kraj","country":"Czech Republic","lat":49.0,"lon":16.86,"tz_id":"Europe/Prague","localtime_epoch":1675592768,"localtime":"2023-02-05 11:26"},"current":{"last_updated_epoch":1675592100,"last_updated":"2023-02-05 11:15","temp_c":-1.0,"temp_f":30.2,"is_day":1,"condition":{"text":"Částečně oblačno","icon":"//cdn.weatherapi.com/weather/64x64/day/116.png","code":1003},"wind_mph":9.4,"wind_kph":15.1,"wind_degree":360,"wind_dir":"N","pressure_mb":1036.0,"pressure_in":30.59,"precip_mm":0.0,"precip_in":0.0,"humidity":59,"cloud":50,"feelslike_c":-6.1,"feelslike_f":21.1,"vis_km":10.0,"vis_miles":6.0,"uv":2.0,"gust_mph":12.3,"gust_kph":19.8},"forecast":{"forecastday":[{"date":"2023-02-05","date_epoch":1675555200,"day":{"maxtemp_c":0.7,"maxtemp_f":33.3,"mintemp_c":-3.6,"mintemp_f":25.5,"avgtemp_c":-1.9,"avgtemp_f":28.6,"maxwind_mph":13.4,"maxwind_kph":21.6,"totalprecip_mm":0.1,"totalprecip_in":0.0,"totalsnow_cm":0.0,"avgvis_km":9.9,"avgvis_miles":6.0,"avghumidity":66.0,"daily_will_it_rain":0,"daily_chance_of_rain":0,"daily_will_it_snow":0,"daily_chance_of_snow":3,"condition":{"text":"Částečně oblačno","icon":"//cdn.weatherapi.com/weather/64x64/day/116.png","code":1003},"uv":2.0},"astro":{"sunrise":"07:21 AM","sunset":"04:59 PM","moonrise":"04:27 PM","moonset":"07:45 AM","moon_phase":"Full Moon","moon_illumination":"99","is_moon_up":1,"is_sun_up":0},"hour":[{"time_epoch":1675551600,"time":"2023-02-05 00:00","temp_c":-1.9,"temp_f":28.6,"is_day":0,"condition":{"text":"Místy blízké sněžení","icon":"//cdn.weatherapi.com/weather/64x64/night/179.png","code":1066},"wind_mph":13.4,"wind_kph":21.6,"wind_degree":337,"wind_dir":"NNW","pressure_mb":1038.0,"pressure_in":30.64,"precip_mm":0.0,"precip_in":0.0,"humidity":74,"cloud":13,"feelslike_c":-7.9,"feelslike_f":17.8,"windchill_c":-7.9,"windchill_f":17.8,"heatindex_c":-1.9,"heatindex_f":28.6,"dewpoint_c":-5.9,"dewpoint_f":21.4,"will_it_rain":0,"chance_of_rain":0,"will_it_snow":0,"chance_of_snow":0,"vis_km":9.0,"vis_miles":5.0,"gust_mph":20.1,"gust_kph":32.4,"uv":1.0},{"time_epoch":1675555200,"time":"2023-02-05 01:00","temp_c":-2.3,"temp_f":27.9,"is_day":0,"condition":{"text":"Místy blízké sněžení","icon":"//cdn.weatherapi.com/weather/64x64/night/179.png","code":1066},"wind_mph":13.4,"wind_kph":21.6,"wind_degree":339,"wind_dir":"NNW","pressure_mb":1038.0,"pressure_in":30.65,"precip_mm":0.1,"precip_in":0.0,"humidity":73,"cloud":89,"feelslike_c":-8.4,"feelslike_f":16.9,"windchill_c":-8.4,"windchill_f":16.9,"heatindex_c":-2.3,"heatindex_f":27.9,"dewpoint_c":-6.5,"dewpoint_f":20.3,"will_it_rain":0,"chance_of_rain":0,"will_it_snow":0,"chance_of_snow":62,"vis_km":9.0,"vis_miles":5.0,"gust_mph":19.9,"gust_kph":32.0,"uv":1.0},{"time_epoch":1675558800,"time":"2023-02-05 02:00","temp_c":-2.6,"temp_f":27.3,"is_day":0,"condition":{"text":"Jasno","icon":"//cdn.weatherapi.com/weather/64x64/night/113.png","code":1000},"wind_mph":13.4,"wind_kph":21.6,"wind_degree":341,"wind_dir":"NNW","pressure_mb":1038.0,"pressure_in":30.65,"precip_mm":0.0,"precip_in":0.0,"humidity":72,"cloud":0,"feelslike_c":-8.8,"feelslike_f":16.2,"windchill_c":-8.8,"windchill_f":16.2,"heatindex_c":-2.6,"heatindex_f":27.3,"dewpoint_c":-6.9,"dewpoint_f":19.6,"will_it_rain":0,"chance_of_rain":0,"will_it_snow":0,"chance_of_snow":0,"vis_km":10.0,"vis_miles":6.0,"gust_mph":19.7,"gust_kph":31.7,"uv":1.0},{"time_epoch":1675562400,"time":"2023-02-05 03:00","temp_c":-2.8,"temp_f":27.0,"is_day":0,"condition":{"text":"Jasno","icon":"//cdn.weatherapi.com/weather/64x64/night/113.png","code":1000},"wind_mph":12.5,"wind_kph":20.2,"wind_degree":340,"wind_dir":"NNW","pressure_mb":1038.0,"pressure_in":30.65,"precip_mm":0.0,"precip_in":0.0,"humidity":72,"cloud":0,"feelslike_c":-8.8,"feelslike_f":16.2,"windchill_c":-8.8,"windchill_f":16.2,"heatindex_c":-2.8,"heatindex_f":27.0,"dewpoint_c":-7.1,"dewpoint_f":19.2,"will_it_rain":0,"chance_of_rain":0,"will_it_snow":0,"chance_of_snow":0,"vis_km":10.0,"vis_miles":6.0,"gust_mph":18.1,"gust_kph":29.2,"uv":1.0},{"time_epoch":1675566000,"time":"2023-02-05 04:00","temp_c":-3.0,"temp_f":26.6,"is_day":0,"condition":{"text":"Jasno","icon":"//cdn.weatherapi.com/weather/64x64/night/113.png","code":1000},"wind_mph":12.1,"wind_kph":19.4,"wind_degree":332,"wind_dir":"NNW","pressure_mb":1038.0,"pressure_in":30.66,"precip_mm":0.0,"precip_in":0.0,"humidity":72,"cloud":2,"feelslike_c":-8.9,"feelslike_f":16.0,"windchill_c":-8.9,"windchill_f":16.0,"heatindex_c":-3.0,"heatindex_f":26.6,"dewpoint_c":-7.3,"dewpoint_f":18.9,"will_it_rain":0,"chance_of_rain":0,"will_it_snow":0,"chance_of_snow":0,"vis_km":10.0,"vis_miles":6.0,"gust_mph":17.4,"gust_kph":28.1,"uv":1.0},{"time_epoch":1675569600,"time":"2023-02-05 05:00","temp_c":-3.2,"temp_f":26.2,"is_day":0,"condition":{"text":"Jasno","icon":"//cdn.weatherapi.com/weather/64x64/night/113.png","code":1000},"wind_mph":11.4,"wind_kph":18.4,"wind_degree":326,"wind_dir":"NNW","pressure_mb":1038.0,"pressure_in":30.66,"precip_mm":0.0,"precip_in":0.0,"humidity":73,"cloud":2,"feelslike_c":-9.0,"feelslike_f":15.8,"windchill_c":-9.0,"windchill_f":15.8,"heatindex_c":-3.2,"heatindex_f":26.2,"dewpoint_c":-7.3,"dewpoint_f":18.9,"will_it_rain":0,"chance_of_rain":0,"will_it_snow":0,"chance_of_snow":0,"vis_km":10.0,"vis_miles":6.0,"gust_mph":16.6,"gust_kph":26.6,"uv":1.0},{"time_epoch":1675573200,"time":"2023-02-05 06:00","temp_c":-3.5,"temp_f":25.7,"is_day":0,"condition":{"text":"Jasno","icon":"//cdn.weatherapi.com/weather/64x64/night/113.png","code":1000},"wind_mph":11.2,"wind_kph":18.0,"wind_degree":320,"wind_dir":"NW","pressure_mb":1038.0,"pressure_in":30.66,"precip_mm":0.0,"precip_in":0.0,"humidity":74,"cloud":1,"feelslike_c":-9.3,"feelslike_f":15.3,"windchill_c":-9.3,"windchill_f":15.3,"heatindex_c":-3.5,"heatindex_f":25.7,"dewpoint_c":-7.5,"dewpoint_f":18.5,"will_it_rain":0,"chance_of_rain":0,"will_it_snow":0,"chance_of_snow":0,"vis_km":10.0,"vis_miles":6.0,"gust_mph":16.6,"gust_kph":26.6,"uv":1.0},{"time_epoch":1675576800,"time":"2023-02-05 07:00","temp_c":-3.6,"temp_f":25.5,"is_day":0,"condition":{"text":"Jasno","icon":"//cdn.weatherapi.com/weather/64x64/night/113.png","code":1000},"wind_mph":10.7,"wind_kph":17.3,"wind_degree":316,"wind_dir":"NW","pressure_mb":1039.0,"pressure_in":30.67,"precip_mm":0.0,"precip_in":0.0,"humidity":74,"cloud":0,"feelslike_c":-9.3,"feelslike_f":15.3,"windchill_c":-9.3,"windchill_f":15.3,"heatindex_c":-3.6,"heatindex_f":25.5,"dewpoint_c":-7.6,"dewpoint_f":18.3,"will_it_rain":0,"chance_of_rain":0,"will_it_snow":0,"chance_of_snow":0,"vis_km":10.0,"vis_miles":6.0,"gust_mph":15.7,"gust_kph":25.2,"uv":1.0},{"time_epoch":1675580400,"time":"2023-02-05 08:00","temp_c":-3.5,"temp_f":25.7,"is_day":1,"condition":{"text":"Slunečno","icon":"//cdn.weatherapi.com/weather/64x64/day/113.png","code":1000},"wind_mph":10.3,"wind_kph":16.6,"wind_degree":317,"wind_dir":"NW","pressure_mb":1039.0,"pressure_in":30.68,"precip_mm":0.0,"precip_in":0.0,"humidity":73,"cloud":0,"feelslike_c":-9.1,"feelslike_f":15.6,"windchill_c":-9.1,"windchill_f":15.6,"heatindex_c":-3.5,"heatindex_f":25.7,"dewpoint_c":-7.6,"dewpoint_f":18.3,"will_it_rain":0,"chance_of_rain":0,"will_it_snow":0,"chance_of_snow":0,"vis_km":10.0,"vis_miles":6.0,"gust_mph":14.8,"gust_kph":23.8,"uv":2.0},{"time_epoch":1675584000,"time":"2023-02-05 09:00","temp_c":-2.6,"temp_f":27.3,"is_day":1,"condition":{"text":"Slunečno","icon":"//cdn.weatherapi.com/weather/64x64/day/113.png","code":1000},"wind_mph":11.4,"wind_kph":18.4,"wind_degree":328,"wind_dir":"NNW","pressure_mb":1039.0,"pressure_in":30.68,"precip_mm":0.0,"precip_in":0.0,"humidity":64,"cloud":5,"feelslike_c":-8.2,"feelslike_f":17.2,"windchill_c":-8.2,"windchill_f":17.2,"heatindex_c":-2.6,"heatindex_f":27.3,"dewpoint_c":-8.3,"dewpoint_f":17.1,"will_it_rain":0,"chance_of_rain":0,"will_it_snow":0,"chance_of_snow":0,"vis_km":10.0,"vis_miles":6.0,"gust_mph":15.2,"gust_kph":24.5,"uv":2.0},{"time_epoch":1675587600,"time":"2023-02-05 10:00","temp_c":-1.5,"temp_f":29.3,"is_day":1,"condition":{"text":"Slunečno","icon":"//cdn.weatherapi.com/weather/64x64/day/113.png","code":1000},"wind_mph":11.6,"wind_kph":18.7,"wind_degree":340,"wind_dir":"NNW","pressure_mb":1039.0,"pressure_in":30.67,"precip_mm":0.0,"precip_in":0.0,"humidity":57,"cloud":3,"feelslike_c":-6.9,"feelslike_f":19.6,"windchill_c":-6.9,"windchill_f":19.6,"heatindex_c":-1.5,"heatindex_f":29.3,"dewpoint_c":-8.8,"dewpoint_f":16.2,"will_it_rain":0,"chance_of_rain":0,"will_it_snow":0,"chance_of_snow":0,"vis_km":10.0,"vis_miles":6.0,"gust_mph":14.3,"gust_kph":23.0,"uv":2.0},{"time_epoch":1675591200,"time":"2023-02-05 11:00","temp_c":0.3,"temp_f":32.5,"is_day":1,"condition":{"text":"Slunečno","icon":"//cdn.weatherapi.com/weather/64x64/day/113.png","code":1000},"wind_mph":10.7,"wind_kph":17.3,"wind_degree":347,"wind_dir":"NNW","pressure_mb":1038.0,"pressure_in":30.66,"precip_mm":0.0,"precip_in":0.0,"humidity":53,"cloud":5,"feelslike_c":-4.4,"feelslike_f":24.1,"windchill_c":-4.4,"windchill_f":24.1,"heatindex_c":0.3,"heatindex_f":32.5,"dewpoint_c":-8.1,"dewpoint_f":17.4,"will_it_rain":0,"chance_of_rain":0,"will_it_snow":0,"chance_of_snow":0,"vis_km":10.0,"vis_miles":6.0,"gust_mph":12.3,"gust_kph":19.8,"uv":2.0},{"time_epoch":1675594800,"time":"2023-02-05 12:00","temp_c":0.6,"temp_f":33.1,"is_day":1,"condition":{"text":"Slunečno","icon":"//cdn.weatherapi.com/weather/64x64/day/113.png","code":1000},"wind_mph":9.6,"wind_kph":15.5,"wind_degree":354,"wind_dir":"N","pressure_mb":1037.0,"pressure_in":30.63,"precip_mm":0.0,"precip_in":0.0,"humidity":51,"cloud":8,"feelslike_c":-3.8,"feelslike_f":25.2,"windchill_c":-3.8,"windchill_f":25.2,"heatindex_c":0.6,"heatindex_f":33.1,"dewpoint_c":-8.4,"dewpoint_f":16.9,"will_it_rain":0,"chance_of_rain":0,"will_it_snow":0,"chance_of_snow":0,"vis_km":10.0,"vis_miles":6.0,"gust_mph":11.2,"gust_kph":18.0,"uv":2.0},{"time_epoch":1675598400,"time":"2023-02-05 13:00","temp_c":0.7,"temp_f":33.3,"is_day":1,"condition":{"text":"Slunečno","icon":"//cdn.weatherapi.com/weather/64x64/day/113.png","code":1000},"wind_mph":8.7,"wind_kph":14.0,"wind_degree":354,"wind_dir":"N","pressure_mb":1037.0,"pressure_in":30.61,"precip_mm":0.0,"precip_in":0.0,"humidity":50,"cloud":15,"feelslike_c":-3.4,"feelslike_f":25.9,"windchill_c":-3.4,"windchill_f":25.9,"heatindex_c":0.7,"heatindex_f":33.3,"dewpoint_c":-8.6,"dewpoint_f":16.5,"will_it_rain":0,"chance_of_rain":0,"will_it_snow":0,"chance_of_snow":0,"vis_km":10.0,"vis_miles":6.0,"gust_mph":10.1,"gust_kph":16.2,"uv":2.0},{"time_epoch":1675602000,"time":"2023-02-05 14:00","temp_c":0.4,"temp_f":32.7,"is_day":1,"condition":{"text":"Částečně oblačno","icon":"//cdn.weatherapi.com/weather/64x64/day/116.png","code":1003},"wind_mph":7.4,"wind_kph":11.9,"wind_degree":352,"wind_dir":"N","pressure_mb":1036.0,"pressure_in":30.59,"precip_mm":0.0,"precip_in":0.0,"humidity":51,"cloud":33,"feelslike_c":-3.3,"feelslike_f":26.1,"windchill_c":-3.3,"windchill_f":26.1,"heatindex_c":0.4,"heatindex_f":32.7,"dewpoint_c":-8.6,"dewpoint_f":16.5,"will_it_rain":0,"chance_of_rain":0,"will_it_snow":0,"chance_of_snow":0,"vis_km":10.0,"vis_miles":6.0,"gust_mph":8.5,"gust_kph":13.7,"uv":2.0},{"time_epoch":1675605600,"time":"2023-02-05 15:00","temp_c":0.1,"temp_f":32.2,"is_day":1,"condition":{"text":"Částečně oblačno","icon":"//cdn.weatherapi.com/weather/64x64/day/116.png","code":1003},"wind_mph":7.4,"wind_kph":11.9,"wind_degree":348,"wind_dir":"NNW","pressure_mb":1036.0,"pressure_in":30.59,"precip_mm":0.0,"precip_in":0.0,"humidity":53,"cloud":57,"feelslike_c":-3.6,"feelslike_f":25.5,"windchill_c":-3.6,"windchill_f":25.5,"heatindex_c":0.1,"heatindex_f":32.2,"dewpoint_c":-8.4,"dewpoint_f":16.9,"will_it_rain":0,"chance_of_rain":0,"will_it_snow":0,"chance_of_snow":0,"vis_km":10.0,"vis_miles":6.0,"gust_mph":8.9,"gust_kph":14.4,"uv":2.0},{"time_epoch":1675609200,"time":"2023-02-05 16:00","temp_c":-0.8,"temp_f":30.6,"is_day":1,"condition":{"text":"Zataženo","icon":"//cdn.weatherapi.com/weather/64x64/day/122.png","code":1009},"wind_mph":6.3,"wind_kph":10.1,"wind_degree":348,"wind_dir":"NNW","pressure_mb":1036.0,"pressure_in":30.58,"precip_mm":0.0,"precip_in":0.0,"humidity":57,"cloud":99,"feelslike_c":-4.3,"feelslike_f":24.3,"windchill_c":-4.3,"windchill_f":24.3,"heatindex_c":-0.8,"heatindex_f":30.6,"dewpoint_c":-8.2,"dewpoint_f":17.2,"will_it_rain":0,"chance_of_rain":0,"will_it_snow":0,"chance_of_snow":0,"vis_km":10.0,"vis_miles":6.0,"gust_mph":8.7,"gust_kph":14.0,"uv":1.0},{"time_epoch":1675612800,"time":"2023-02-05 17:00","temp_c":-1.7,"temp_f":28.9,"is_day":0,"condition":{"text":"Zataženo","icon":"//cdn.weatherapi.com/weather/64x64/night/122.png","code":1009},"wind_mph":4.7,"wind_kph":7.6,"wind_degree":351,"wind_dir":"N","pressure_mb":1036.0,"pressure_in":30.58,"precip_mm":0.0,"precip_in":0.0,"humidity":65,"cloud":100,"feelslike_c":-4.6,"feelslike_f":23.7,"windchill_c":-4.6,"windchill_f":23.7,"heatindex_c":-1.7,"heatindex_f":28.9,"dewpoint_c":-7.5,"dewpoint_f":18.5,"will_it_rain":0,"chance_of_rain":0,"will_it_snow":0,"chance_of_snow":0,"vis_km":10.0,"vis_miles":6.0,"gust_mph":7.4,"gust_kph":11.9,"uv":1.0},{"time_epoch":1675616400,"time":"2023-02-05 18:00","temp_c":-2.0,"temp_f":28.4,"is_day":0,"condition":{"text":"Zataženo","icon":"//cdn.weatherapi.com/weather/64x64/night/122.png","code":1009},"wind_mph":4.5,"wind_kph":7.2,"wind_degree":343,"wind_dir":"NNW","pressure_mb":1036.0,"pressure_in":30.59,"precip_mm":0.0,"precip_in":0.0,"humidity":67,"cloud":100,"feelslike_c":-4.8,"feelslike_f":23.4,"windchill_c":-4.8,"windchill_f":23.4,"heatindex_c":-2.0,"heatindex_f":28.4,"dewpoint_c":-7.2,"dewpoint_f":19.0,"will_it_rain":0,"chance_of_rain":0,"will_it_snow":0,"chance_of_snow":0,"vis_km":10.0,"vis_miles":6.0,"gust_mph":7.2,"gust_kph":11.5,"uv":1.0},{"time_epoch":1675620000,"time":"2023-02-05 19:00","temp_c":-2.2,"temp_f":28.0,"is_day":0,"condition":{"text":"Zataženo","icon":"//cdn.weatherapi.com/weather/64x64/night/122.png","code":1009},"wind_mph":4.5,"wind_kph":7.2,"wind_degree":350,"wind_dir":"N","pressure_mb":1036.0,"pressure_in":30.59,"precip_mm":0.0,"precip_in":0.0,"humidity":69,"cloud":100,"feelslike_c":-5.0,"feelslike_f":23.0,"windchill_c":-5.0,"windchill_f":23.0,"heatindex_c":-2.2,"heatindex_f":28.0,"dewpoint_c":-7.0,"dewpoint_f":19.4,"will_it_rain":0,"chance_of_rain":0,"will_it_snow":0,"chance_of_snow":0,"vis_km":10.0,"vis_miles":6.0,"gust_mph":7.2,"gust_kph":11.5,"uv":1.0},{"time_epoch":1675623600,"time":"2023-02-05 20:00","temp_c":-2.4,"temp_f":27.7,"is_day":0,"condition":{"text":"Zataženo","icon":"//cdn.weatherapi.com/weather/64x64/night/122.png","code":1009},"wind_mph":4.7,"wind_kph":7.6,"wind_degree":8,"wind_dir":"N","pressure_mb":1036.0,"pressure_in":30.6,"precip_mm":0.0,"precip_in":0.0,"humidity":70,"cloud":100,"feelslike_c":-5.4,"feelslike_f":22.3,"windchill_c":-5.4,"windchill_f":22.3,"heatindex_c":-2.4,"heatindex_f":27.7,"dewpoint_c":-7.1,"dewpoint_f":19.2,"will_it_rain":0,"chance_of_rain":0,"will_it_snow":0,"chance_of_snow":0,"vis_km":10.0,"vis_miles":6.0,"gust_mph":7.6,"gust_kph":12.2,"uv":1.0},{"time_epoch":1675627200,"time":"2023-02-05 21:00","temp_c":-2.5,"temp_f":27.5,"is_day":0,"condition":{"text":"Zataženo","icon":"//cdn.weatherapi.com/weather/64x64/night/122.png","code":1009},"wind_mph":4.9,"wind_kph":7.9,"wind_degree":31,"wind_dir":"NNE","pressure_mb":1037.0,"pressure_in":30.61,"precip_mm":0.0,"precip_in":0.0,"humidity":71,"cloud":100,"feelslike_c":-5.7,"feelslike_f":21.7,"windchill_c":-5.7,"windchill_f":21.7,"heatindex_c":-2.5,"heatindex_f":27.5,"dewpoint_c":-7.0,"dewpoint_f":19.4,"will_it_rain":0,"chance_of_rain":0,"will_it_snow":0,"chance_of_snow":0,"vis_km":10.0,"vis_miles":6.0,"gust_mph":7.8,"gust_kph":12.6,"uv":1.0},{"time_epoch":1675630800,"time":"2023-02-05 22:00","temp_c":-2.8,"temp_f":27.0,"is_day":0,"condition":{"text":"Oblačno","icon":"//cdn.weatherapi.com/weather/64x64/night/119.png","code":1006},"wind_mph":4.7,"wind_kph":7.6,"wind_degree":47,"wind_dir":"NE","pressure_mb":1037.0,"pressure_in":30.61,"precip_mm":0.0,"precip_in":0.0,"humidity":72,"cloud":73,"feelslike_c":-5.9,"feelslike_f":21.4,"windchill_c":-5.9,"windchill_f":21.4,"heatindex_c":-2.8,"heatindex_f":27.0,"dewpoint_c":-7.1,"dewpoint_f":19.2,"will_it_rain":0,"chance_of_rain":0,"will_it_snow":0,"chance_of_snow":0,"vis_km":10.0,"vis_miles":6.0,"gust_mph":7.4,"gust_kph":11.9,"uv":1.0},{"time_epoch":1675634400,"time":"2023-02-05 23:00","temp_c":-3.1,"temp_f":26.4,"is_day":0,"condition":{"text":"Částečně oblačno","icon":"//cdn.weatherapi.com/weather/64x64/night/116.png","code":1003},"wind_mph":4.5,"wind_kph":7.2,"wind_degree":48,"wind_dir":"NE","pressure_mb":1037.0,"pressure_in":30.63,"precip_mm":0.0,"precip_in":0.0,"humidity":73,"cloud":45,"feelslike_c":-6.1,"feelslike_f":21.0,"windchill_c":-6.1,"windchill_f":21.0,"heatindex_c":-3.1,"heatindex_f":26.4,"dewpoint_c":-7.2,"dewpoint_f":19.0,"will_it_rain":0,"chance_of_rain":0,"will_it_snow":0,"chance_of_snow":0,"vis_km":10.0,"vis_miles":6.0,"gust_mph":6.9,"gust_kph":11.2,"uv":1.0}]},{"date":"2023-02-06","date_epoch":1675641600,"day":{"maxtemp_c":0.4,"maxtemp_f":32.7,"mintemp_c":-4.2,"mintemp_f":24.4,"avgtemp_c":-2.6,"avgtemp_f":27.2,"maxwind_mph":7.4,"maxwind_kph":11.9,"totalprecip_mm":0.0,"totalprecip_in":0.0,"totalsnow_cm":0.0,"avgvis_km":10.0,"avgvis_miles":6.0,"avghumidity":67.0,"daily_will_it_rain":0,"daily_chance_of_rain":0,"daily_will_it_snow":0,"daily_chance_of_snow":0,"condition":{"text":"Zataženo","icon":"//cdn.weatherapi.com/weather/64x64/day/122.png","code":1009},"uv":1.0},"astro":{"sunrise":"07:19 AM","sunset":"05:01 PM","moonrise":"05:37 PM","moonset":"08:07 AM","moon_phase":"Waning Gibbous","moon_illumination":"100","is_moon_up":1,"is_sun_up":0},"hour":[{"time_epoch":1675638000,"time":"2023-02-06 00:00","temp_c":-3.4,"temp_f":25.9,"is_day":0,"condition":{"text":"Jasno","icon":"//cdn.weatherapi.com/weather/64x64/night/113.png","code":1000},"wind_mph":4.0,"wind_kph":6.5,"wind_degree":48,"wind_dir":"NE","pressure_mb":1037.0,"pressure_in":30.63,"precip_mm":0.0,"precip_in":0.0,"humidity":73,"cloud":21,"feelslike_c":-6.1,"feelslike_f":21.0,"windchill_c":-6.1,"windchill_f":21.0,"heatindex_c":-3.4,"heatindex_f":25.9,"dewpoint_c":-7.6,"dewpoint_f":18.3,"will_it_rain":0,"chance_of_rain":0,"will_it_snow":0,"chance_of_snow":0,"vis_km":10.0,"vis_miles":6.0,"gust_mph":6.5,"gust_kph":10.4,"uv":1.0},{"time_epoch":1675641600,"time":"2023-02-06 01:00","temp_c":-3.6,"temp_f":25.5,"is_day":0,"condition":{"text":"Jasno","icon":"//cdn.weatherapi.com/weather/64x64/night/113.png","code":1000},"wind_mph":3.8,"wind_kph":6.1,"wind_degree":33,"wind_dir":"NNE","pressure_mb":1038.0,"pressure_in":30.64,"precip_mm":0.0,"precip_in":0.0,"humidity":72,"cloud":16,"feelslike_c":-6.2,"feelslike_f":20.8,"windchill_c":-6.2,"windchill_f":20.8,"heatindex_c":-3.6,"heatindex_f":25.5,"dewpoint_c":-7.9,"dewpoint_f":17.8,"will_it_rain":0,"chance_of_rain":0,"will_it_snow":0,"chance_of_snow":0,"vis_km":10.0,"vis_miles":6.0,"gust_mph":6.0,"gust_kph":9.7,"uv":1.0},{"time_epoch":1675645200,"time":"2023-02-06 02:00","temp_c":-3.6,"temp_f":25.5,"is_day":0,"condition":{"text":"Jasno","icon":"//cdn.weatherapi.com/weather/64x64/night/113.png","code":1000},"wind_mph":4.7,"wind_kph":7.6,"wind_degree":15,"wind_dir":"NNE","pressure_mb":1038.0,"pressure_in":30.65,"precip_mm":0.0,"precip_in":0.0,"humidity":72,"cloud":17,"feelslike_c":-6.8,"feelslike_f":19.8,"windchill_c":-6.8,"windchill_f":19.8,"heatindex_c":-3.6,"heatindex_f":25.5,"dewpoint_c":-7.8,"dewpoint_f":18.0,"will_it_rain":0,"chance_of_rain":0,"will_it_snow":0,"chance_of_snow":0,"vis_km":10.0,"vis_miles":6.0,"gust_mph":7.2,"gust_kph":11.5,"uv":1.0},{"time_epoch":1675648800,"time":"2023-02-06 03:00","temp_c":-3.8,"temp_f":25.2,"is_day":0,"condition":{"text":"Jasno","icon":"//cdn.weatherapi.com/weather/64x64/night/113.png","code":1000},"wind_mph":4.5,"wind_kph":7.2,"wind_degree":358,"wind_dir":"N","pressure_mb":1038.0,"pressure_in":30.64,"precip_mm":0.0,"precip_in":0.0,"humidity":74,"cloud":17,"feelslike_c":-6.9,"feelslike_f":19.6,"windchill_c":-6.9,"windchill_f":19.6,"heatindex_c":-3.8,"heatindex_f":25.2,"dewpoint_c":-7.8,"dewpoint_f":18.0,"will_it_rain":0,"chance_of_rain":0,"will_it_snow":0,"chance_of_snow":0,"vis_km":10.0,"vis_miles":6.0,"gust_mph":6.9,"gust_kph":11.2,"uv":1.0},{"time_epoch":1675652400,"time":"2023-02-06 04:00","temp_c":-4.0,"temp_f":24.8,"is_day":0,"condition":{"text":"Jasno","icon":"//cdn.weatherapi.com/weather/64x64/night/113.png","code":1000},"wind_mph":4.9,"wind_kph":7.9,"wind_degree":349,"wind_dir":"N","pressure_mb":1038.0,"pressure_in":30.65,"precip_mm":0.0,"precip_in":0.0,"humidity":75,"cloud":23,"feelslike_c":-7.4,"feelslike_f":18.7,"windchill_c":-7.4,"windchill_f":18.7,"heatindex_c":-4.0,"heatindex_f":24.8,"dewpoint_c":-7.7,"dewpoint_f":18.1,"will_it_rain":0,"chance_of_rain":0,"will_it_snow":0,"chance_of_snow":0,"vis_km":10.0,"vis_miles":6.0,"gust_mph":7.8,"gust_kph":12.6,"uv":1.0},{"time_epoch":1675656000,"time":"2023-02-06 05:00","temp_c":-4.1,"temp_f":24.6,"is_day":0,"condition":{"text":"Částečně oblačno","icon":"//cdn.weatherapi.com/weather/64x64/night/116.png","code":1003},"wind_mph":5.6,"wind_kph":9.0,"wind_degree":349,"wind_dir":"N","pressure_mb":1038.0,"pressure_in":30.66,"precip_mm":0.0,"precip_in":0.0,"humidity":76,"cloud":32,"feelslike_c":-7.9,"feelslike_f":17.8,"windchill_c":-7.9,"windchill_f":17.8,"heatindex_c":-4.1,"heatindex_f":24.6,"dewpoint_c":-7.7,"dewpoint_f":18.1,"will_it_rain":0,"chance_of_rain":0,"will_it_snow":0,"chance_of_snow":0,"vis_km":10.0,"vis_miles":6.0,"gust_mph":8.9,"gust_kph":14.4,"uv":1.0},{"time_epoch":1675659600,"time":"2023-02-06 06:00","temp_c":-4.2,"temp_f":24.4,"is_day":0,"condition":{"text":"Částečně oblačno","icon":"//cdn.weatherapi.com/weather/64x64/night/116.png","code":1003},"wind_mph":5.1,"wind_kph":8.3,"wind_degree":345,"wind_dir":"NNW","pressure_mb":1039.0,"pressure_in":30.67,"precip_mm":0.0,"precip_in":0.0,"humidity":76,"cloud":48,"feelslike_c":-7.8,"feelslike_f":18.0,"windchill_c":-7.8,"windchill_f":18.0,"heatindex_c":-4.2,"heatindex_f":24.4,"dewpoint_c":-7.9,"dewpoint_f":17.8,"will_it_rain":0,"chance_of_rain":0,"will_it_snow":0,"chance_of_snow":0,"vis_km":10.0,"vis_miles":6.0,"gust_mph":8.3,"gust_kph":13.3,"uv":1.0},{"time_epoch":1675663200,"time":"2023-02-06 07:00","temp_c":-3.9,"temp_f":25.0,"is_day":0,"condition":{"text":"Zataženo","icon":"//cdn.weatherapi.com/weather/64x64/night/122.png","code":1009},"wind_mph":4.7,"wind_kph":7.6,"wind_degree":346,"wind_dir":"NNW","pressure_mb":1039.0,"pressure_in":30.68,"precip_mm":0.0,"precip_in":0.0,"humidity":73,"cloud":100,"feelslike_c":-7.2,"feelslike_f":19.0,"windchill_c":-7.2,"windchill_f":19.0,"heatindex_c":-3.9,"heatindex_f":25.0,"dewpoint_c":-8.0,"dewpoint_f":17.6,"will_it_rain":0,"chance_of_rain":0,"will_it_snow":0,"chance_of_snow":0,"vis_km":10.0,"vis_miles":6.0,"gust_mph":7.2,"gust_kph":11.5,"uv":1.0},{"time_epoch":1675666800,"time":"2023-02-06 08:00","temp_c":-3.6,"temp_f":25.5,"is_day":1,"condition":{"text":"Zataženo","icon":"//cdn.weatherapi.com/weather/64x64/day/122.png","code":1009},"wind_mph":3.8,"wind_kph":6.1,"wind_degree":342,"wind_dir":"NNW","pressure_mb":1039.0,"pressure_in":30.68,"precip_mm":0.0,"precip_in":0.0,"humidity":70,"cloud":100,"feelslike_c":-6.2,"feelslike_f":20.8,"windchill_c":-6.2,"windchill_f":20.8,"heatindex_c":-3.6,"heatindex_f":25.5,"dewpoint_c":-8.2,"dewpoint_f":17.2,"will_it_rain":0,"chance_of_rain":0,"will_it_snow":0,"chance_of_snow":0,"vis_km":10.0,"vis_miles":6.0,"gust_mph":5.6,"gust_kph":9.0,"uv":1.0},{"time_epoch":1675670400,"time":"2023-02-06 09:00","temp_c":-2.9,"temp_f":26.8,"is_day":1,"condition":{"text":"Zataženo","icon":"//cdn.weatherapi.com/weather/64x64/day/122.png","code":1009},"wind_mph":5.1,"wind_kph":8.3,"wind_degree":359,"wind_dir":"N","pressure_mb":1039.0,"pressure_in":30.68,"precip_mm":0.0,"precip_in":0.0,"humidity":63,"cloud":100,"feelslike_c":-6.2,"feelslike_f":20.8,"windchill_c":-6.2,"windchill_f":20.8,"heatindex_c":-2.9,"heatindex_f":26.8,"dewpoint_c":-8.8,"dewpoint_f":16.2,"will_it_rain":0,"chance_of_rain":0,"will_it_snow":0,"chance_of_snow":0,"vis_km":10.0,"vis_miles":6.0,"gust_mph":7.2,"gust_kph":11.5,"uv":1.0},{"time_epoch":1675674000,"time":"2023-02-06 10:00","temp_c":-2.1,"temp_f":28.2,"is_day":1,"condition":{"text":"Zataženo","icon":"//cdn.weatherapi.com/weather/64x64/day/122.png","code":1009},"wind_mph":5.6,"wind_kph":9.0,"wind_degree":2,"wind_dir":"N","pressure_mb":1039.0,"pressure_in":30.67,"precip_mm":0.0,"precip_in":0.0,"humidity":58,"cloud":100,"feelslike_c":-5.5,"feelslike_f":22.1,"windchill_c":-5.5,"windchill_f":22.1,"heatindex_c":-2.1,"heatindex_f":28.2,"dewpoint_c":-9.2,"dewpoint_f":15.4,"will_it_rain":0,"chance_of_rain":0,"will_it_snow":0,"chance_of_snow":0,"vis_km":10.0,"vis_miles":6.0,"gust_mph":7.4,"gust_kph":11.9,"uv":1.0},{"time_epoch":1675677600,"time":"2023-02-06 11:00","temp_c":-1.4,"temp_f":29.5,"is_day":1,"condition":{"text":"Zataženo","icon":"//cdn.weatherapi.com/weather/64x64/day/122.png","code":1009},"wind_mph":6.0,"wind_kph":9.7,"wind_degree":8,"wind_dir":"N","pressure_mb":1039.0,"pressure_in":30.67,"precip_mm":0.0,"precip_in":0.0,"humidity":54,"cloud":100,"feelslike_c":-4.9,"feelslike_f":23.2,"windchill_c":-4.9,"windchill_f":23.2,"heatindex_c":-1.4,"heatindex_f":29.5,"dewpoint_c":-9.4,"dewpoint_f":15.1,"will_it_rain":0,"chance_of_rain":0,"will_it_snow":0,"chance_of_snow":0,"vis_km":10.0,"vis_miles":6.0,"gust_mph":7.8,"gust_kph":12.6,"uv":1.0},{"time_epoch":1675681200,"time":"2023-02-06 12:00","temp_c":-0.8,"temp_f":30.6,"is_day":1,"condition":{"text":"Zataženo","icon":"//cdn.weatherapi.com/weather/64x64/day/122.png","code":1009},"wind_mph":6.3,"wind_kph":10.1,"wind_degree":20,"wind_dir":"NNE","pressure_mb":1038.0,"pressure_in":30.66,"precip_mm":0.0,"precip_in":0.0,"humidity":51,"cloud":100,"feelslike_c":-4.3,"feelslike_f":24.3,"windchill_c":-4.3,"windchill_f":24.3,"heatindex_c":-0.8,"heatindex_f":30.6,"dewpoint_c":-9.5,"dewpoint_f":14.9,"will_it_rain":0,"chance_of_rain":0,"will_it_snow":0,"chance_of_snow":0,"vis_km":10.0,"vis_miles":6.0,"gust_mph":8.1,"gust_kph":13.0,"uv":1.0},{"time_epoch":1675684800,"time":"2023-02-06 13:00","temp_c":-0.4,"temp_f":31.3,"is_day":1,"condition":{"text":"Zataženo","icon":"//cdn.weatherapi.com/weather/64x64/day/122.png","code":1009},"wind_mph":6.3,"wind_kph":10.1,"wind_degree":33,"wind_dir":"NNE","pressure_mb":1038.0,"pressure_in":30.65,"precip_mm":0.0,"precip_in":0.0,"humidity":49,"cloud":96,"feelslike_c":-3.8,"feelslike_f":25.2,"windchill_c":-3.8,"windchill_f":25.2,"heatindex_c":-0.4,"heatindex_f":31.3,"dewpoint_c":-9.7,"dewpoint_f":14.5,"will_it_rain":0,"chance_of_rain":0,"will_it_snow":0,"chance_of_snow":0,"vis_km":10.0,"vis_miles":6.0,"gust_mph":8.1,"gust_kph":13.0,"uv":1.0},{"time_epoch":1675688400,"time":"2023-02-06 14:00","temp_c":0.2,"temp_f":32.4,"is_day":1,"condition":{"text":"Zataženo","icon":"//cdn.weatherapi.com/weather/64x64/day/122.png","code":1009},"wind_mph":6.7,"wind_kph":10.8,"wind_degree":45,"wind_dir":"NE","pressure_mb":1038.0,"pressure_in":30.64,"precip_mm":0.0,"precip_in":0.0,"humidity":48,"cloud":100,"feelslike_c":-3.3,"feelslike_f":26.1,"windchill_c":-3.3,"windchill_f":26.1,"heatindex_c":0.2,"heatindex_f":32.4,"dewpoint_c":-9.4,"dewpoint_f":15.1,"will_it_rain":0,"chance_of_rain":0,"will_it_snow":0,"chance_of_snow":0,"vis_km":10.0,"vis_miles":6.0,"gust_mph":8.1,"gust_kph":13.0,"uv":1.0},{"time_epoch":1675692000,"time":"2023-02-06 15:00","temp_c":0.4,"temp_f":32.7,"is_day":1,"condition":{"text":"Částečně oblačno","icon":"//cdn.weatherapi.com/weather/64x64/day/116.png","code":1003},"wind_mph":6.9,"wind_kph":11.2,"wind_degree":50,"wind_dir":"NE","pressure_mb":1037.0,"pressure_in":30.63,"precip_mm":0.0,"precip_in":0.0,"humidity":49,"cloud":31,"feelslike_c":-3.1,"feelslike_f":26.4,"windchill_c":-3.1,"windchill_f":26.4,"heatindex_c":0.4,"heatindex_f":32.7,"dewpoint_c":-9.0,"dewpoint_f":15.8,"will_it_rain":0,"chance_of_rain":0,"will_it_snow":0,"chance_of_snow":0,"vis_km":10.0,"vis_miles":6.0,"gust_mph":8.1,"gust_kph":13.0,"uv":2.0},{"time_epoch":1675695600,"time":"2023-02-06 16:00","temp_c":0.3,"temp_f":32.5,"is_day":1,"condition":{"text":"Slunečno","icon":"//cdn.weatherapi.com/weather/64x64/day/113.png","code":1000},"wind_mph":6.7,"wind_kph":10.8,"wind_degree":56,"wind_dir":"ENE","pressure_mb":1038.0,"pressure_in":30.64,"precip_mm":0.0,"precip_in":0.0,"humidity":54,"cloud":18,"feelslike_c":-3.2,"feelslike_f":26.2,"windchill_c":-3.2,"windchill_f":26.2,"heatindex_c":0.3,"heatindex_f":32.5,"dewpoint_c":-7.8,"dewpoint_f":18.0,"will_it_rain":0,"chance_of_rain":0,"will_it_snow":0,"chance_of_snow":0,"vis_km":10.0,"vis_miles":6.0,"gust_mph":7.8,"gust_kph":12.6,"uv":2.0},{"time_epoch":1675699200,"time":"2023-02-06 17:00","temp_c":-2.2,"temp_f":28.0,"is_day":1,"condition":{"text":"Slunečno","icon":"//cdn.weatherapi.com/weather/64x64/day/113.png","code":1000},"wind_mph":5.8,"wind_kph":9.4,"wind_degree":48,"wind_dir":"NE","pressure_mb":1038.0,"pressure_in":30.66,"precip_mm":0.0,"precip_in":0.0,"humidity":65,"cloud":13,"feelslike_c":-5.8,"feelslike_f":21.6,"windchill_c":-5.8,"windchill_f":21.6,"heatindex_c":-2.2,"heatindex_f":28.0,"dewpoint_c":-7.9,"dewpoint_f":17.8,"will_it_rain":0,"chance_of_rain":0,"will_it_snow":0,"chance_of_snow":0,"vis_km":10.0,"vis_miles":6.0,"gust_mph":10.1,"gust_kph":16.2,"uv":2.0},{"time_epoch":1675702800,"time":"2023-02-06 18:00","temp_c":-2.8,"temp_f":27.0,"is_day":0,"condition":{"text":"Jasno","icon":"//cdn.weatherapi.com/weather/64x64/night/113.png","code":1000},"wind_mph":6.0,"wind_kph":9.7,"wind_degree":42,"wind_dir":"NE","pressure_mb":1039.0,"pressure_in":30.68,"precip_mm":0.0,"precip_in":0.0,"humidity":71,"cloud":8,"feelslike_c":-6.6,"feelslike_f":20.1,"windchill_c":-6.6,"windchill_f":20.1,"heatindex_c":-2.8,"heatindex_f":27.0,"dewpoint_c":-7.3,"dewpoint_f":18.9,"will_it_rain":0,"chance_of_rain":0,"will_it_snow":0,"chance_of_snow":0,"vis_km":10.0,"vis_miles":6.0,"gust_mph":10.5,"gust_kph":16.9,"uv":1.0},{"time_epoch":1675706400,"time":"2023-02-06 19:00","temp_c":-3.2,"temp_f":26.2,"is_day":0,"condition":{"text":"Jasno","icon":"//cdn.weatherapi.com/weather/64x64/night/113.png","code":1000},"wind_mph":6.5,"wind_kph":10.4,"wind_degree":38,"wind_dir":"NE","pressure_mb":1039.0,"pressure_in":30.69,"precip_mm":0.0,"precip_in":0.0,"humidity":75,"cloud":6,"feelslike_c":-7.3,"feelslike_f":18.9,"windchill_c":-7.3,"windchill_f":18.9,"heatindex_c":-3.2,"heatindex_f":26.2,"dewpoint_c":-7.0,"dewpoint_f":19.4,"will_it_rain":0,"chance_of_rain":0,"will_it_snow":0,"chance_of_snow":0,"vis_km":10.0,"vis_miles":6.0,"gust_mph":10.7,"gust_kph":17.3,"uv":1.0},{"time_epoch":1675710000,"time":"2023-02-06 20:00","temp_c":-3.3,"temp_f":26.1,"is_day":0,"condition":{"text":"Jasno","icon":"//cdn.weatherapi.com/weather/64x64/night/113.png","code":1000},"wind_mph":7.4,"wind_kph":11.9,"wind_degree":40,"wind_dir":"NE","pressure_mb":1040.0,"pressure_in":30.7,"precip_mm":0.0,"precip_in":0.0,"humidity":77,"cloud":5,"feelslike_c":-7.8,"feelslike_f":18.0,"windchill_c":-7.8,"windchill_f":18.0,"heatindex_c":-3.3,"heatindex_f":26.1,"dewpoint_c":-6.7,"dewpoint_f":19.9,"will_it_rain":0,"chance_of_rain":0,"will_it_snow":0,"chance_of_snow":0,"vis_km":10.0,"vis_miles":6.0,"gust_mph":11.4,"gust_kph":18.4,"uv":1.0},{"time_epoch":1675713600,"time":"2023-02-06 21:00","temp_c":-3.7,"temp_f":25.3,"is_day":0,"condition":{"text":"Jasno","icon":"//cdn.weatherapi.com/weather/64x64/night/113.png","code":1000},"wind_mph":6.0,"wind_kph":9.7,"wind_degree":44,"wind_dir":"NE","pressure_mb":1039.0,"pressure_in":30.69,"precip_mm":0.0,"precip_in":0.0,"humidity":79,"cloud":3,"feelslike_c":-7.7,"feelslike_f":18.1,"windchill_c":-7.7,"windchill_f":18.1,"heatindex_c":-3.7,"heatindex_f":25.3,"dewpoint_c":-6.8,"dewpoint_f":19.8,"will_it_rain":0,"chance_of_rain":0,"will_it_snow":0,"chance_of_snow":0,"vis_km":10.0,"vis_miles":6.0,"gust_mph":9.6,"gust_kph":15.5,"uv":1.0},{"time_epoch":1675717200,"time":"2023-02-06 22:00","temp_c":-3.8,"temp_f":25.2,"is_day":0,"condition":{"text":"Jasno","icon":"//cdn.weatherapi.com/weather/64x64/night/113.png","code":1000},"wind_mph":6.3,"wind_kph":10.1,"wind_degree":39,"wind_dir":"NE","pressure_mb":1040.0,"pressure_in":30.71,"precip_mm":0.0,"precip_in":0.0,"humidity":79,"cloud":2,"feelslike_c":-7.9,"feelslike_f":17.8,"windchill_c":-7.9,"windchill_f":17.8,"heatindex_c":-3.8,"heatindex_f":25.2,"dewpoint_c":-6.9,"dewpoint_f":19.6,"will_it_rain":0,"chance_of_rain":0,"will_it_snow":0,"chance_of_snow":0,"vis_km":10.0,"vis_miles":6.0,"gust_mph":9.8,"gust_kph":15.8,"uv":1.0},{"time_epoch":1675720800,"time":"2023-02-06 23:00","temp_c":-3.6,"temp_f":25.5,"is_day":0,"condition":{"text":"Jasno","icon":"//cdn.weatherapi.com/weather/64x64/night/113.png","code":1000},"wind_mph":6.9,"wind_kph":11.2,"wind_degree":35,"wind_dir":"NE","pressure_mb":1041.0,"pressure_in":30.73,"precip_mm":0.0,"precip_in":0.0,"humidity":79,"cloud":2,"feelslike_c":-7.9,"feelslike_f":17.8,"windchill_c":-7.9,"windchill_f":17.8,"heatindex_c":-3.6,"heatindex_f":25.5,"dewpoint_c":-6.7,"dewpoint_f":19.9,"will_it_rain":0,"chance_of_rain":0,"will_it_snow":0,"chance_of_snow":0,"vis_km":10.0,"vis_miles":6.0,"gust_mph":10.5,"gust_kph":16.9,"uv":1.0}]},{"date":"2023-02-07","date_epoch":1675728000,"day":{"maxtemp_c":1.9,"maxtemp_f":35.4,"mintemp_c":-5.2,"mintemp_f":22.6,"avgtemp_c":-2.3,"avgtemp_f":27.8,"maxwind_mph":10.3,"maxwind_kph":16.6,"totalprecip_mm":0.0,"totalprecip_in":0.0,"totalsnow_cm":0.0,"avgvis_km":10.0,"avgvis_miles":6.0,"avghumidity":66.0,"daily_will_it_rain":0,"daily_chance_of_rain":0,"daily_will_it_snow":0,"daily_chance_of_snow":0,"condition":{"text":"Slunečno","icon":"//cdn.weatherapi.com/weather/64x64/day/113.png","code":1000},"uv":2.0},"astro":{"sunrise":"07:18 AM","sunset":"05:03 PM","moonrise":"06:45 PM","moonset":"08:25 AM","moon_phase":"Waning Gibbous","moon_illumination":"98","is_moon_up":1,"is_sun_up":0},"hour":[{"time_epoch":1675724400,"time":"2023-02-07 00:00","temp_c":-3.9,"temp_f":25.0,"is_day":0,"condition":{"text":"Jasno","icon":"//cdn.weatherapi.com/weather/64x64/night/113.png","code":1000},"wind_mph":5.6,"wind_kph":9.0,"wind_degree":34,"wind_dir":"NE","pressure_mb":1041.0,"pressure_in":30.73,"precip_mm":0.0,"precip_in":0.0,"humidity":79,"cloud":2,"feelslike_c":-7.7,"feelslike_f":18.1,"windchill_c":-7.7,"windchill_f":18.1,"heatindex_c":-3.9,"heatindex_f":25.0,"dewpoint_c":-7.0,"dewpoint_f":19.4,"will_it_rain":0,"chance_of_rain":0,"will_it_snow":0,"chance_of_snow":0,"vis_km":10.0,"vis_miles":6.0,"gust_mph":8.9,"gust_kph":14.4,"uv":1.0},{"time_epoch":1675728000,"time":"2023-02-07 01:00","temp_c":-4.1,"temp_f":24.6,"is_day":0,"condition":{"text":"Jasno","icon":"//cdn.weatherapi.com/weather/64x64/night/113.png","code":1000},"wind_mph":5.1,"wind_kph":8.3,"wind_degree":31,"wind_dir":"NNE","pressure_mb":1041.0,"pressure_in":30.73,"precip_mm":0.0,"precip_in":0.0,"humidity":80,"cloud":2,"feelslike_c":-7.7,"feelslike_f":18.1,"windchill_c":-7.7,"windchill_f":18.1,"heatindex_c":-4.1,"heatindex_f":24.6,"dewpoint_c":-7.1,"dewpoint_f":19.2,"will_it_rain":0,"chance_of_rain":0,"will_it_snow":0,"chance_of_snow":0,"vis_km":10.0,"vis_miles":6.0,"gust_mph":8.3,"gust_kph":13.3,"uv":1.0},{"time_epoch":1675731600,"time":"2023-02-07 02:00","temp_c":-4.3,"temp_f":24.3,"is_day":0,"condition":{"text":"Jasno","icon":"//cdn.weatherapi.com/weather/64x64/night/113.png","code":1000},"wind_mph":4.7,"wind_kph":7.6,"wind_degree":22,"wind_dir":"NNE","pressure_mb":1040.0,"pressure_in":30.72,"precip_mm":0.0,"precip_in":0.0,"humidity":80,"cloud":1,"feelslike_c":-7.6,"feelslike_f":18.3,"windchill_c":-7.6,"windchill_f":18.3,"heatindex_c":-4.3,"heatindex_f":24.3,"dewpoint_c":-7.2,"dewpoint_f":19.0,"will_it_rain":0,"chance_of_rain":0,"will_it_snow":0,"chance_of_snow":0,"vis_km":10.0,"vis_miles":6.0,"gust_mph":7.6,"gust_kph":12.2,"uv":1.0},{"time_epoch":1675735200,"time":"2023-02-07 03:00","temp_c":-4.5,"temp_f":23.9,"is_day":0,"condition":{"text":"Jasno","icon":"//cdn.weatherapi.com/weather/64x64/night/113.png","code":1000},"wind_mph":4.7,"wind_kph":7.6,"wind_degree":20,"wind_dir":"NNE","pressure_mb":1040.0,"pressure_in":30.71,"precip_mm":0.0,"precip_in":0.0,"humidity":80,"cloud":1,"feelslike_c":-7.9,"feelslike_f":17.8,"windchill_c":-7.9,"windchill_f":17.8,"heatindex_c":-4.5,"heatindex_f":23.9,"dewpoint_c":-7.4,"dewpoint_f":18.7,"will_it_rain":0,"chance_of_rain":0,"will_it_snow":0,"chance_of_snow":0,"vis_km":10.0,"vis_miles":6.0,"gust_mph":7.6,"gust_kph":12.2,"uv":1.0},{"time_epoch":1675738800,"time":"2023-02-07 04:00","temp_c":-4.7,"temp_f":23.5,"is_day":0,"condition":{"text":"Jasno","icon":"//cdn.weatherapi.com/weather/64x64/night/113.png","code":1000},"wind_mph":4.7,"wind_kph":7.6,"wind_degree":26,"wind_dir":"NNE","pressure_mb":1040.0,"pressure_in":30.71,"precip_mm":0.0,"precip_in":0.0,"humidity":80,"cloud":2,"feelslike_c":-8.1,"feelslike_f":17.4,"windchill_c":-8.1,"windchill_f":17.4,"heatindex_c":-4.7,"heatindex_f":23.5,"dewpoint_c":-7.6,"dewpoint_f":18.3,"will_it_rain":0,"chance_of_rain":0,"will_it_snow":0,"chance_of_snow":0,"vis_km":10.0,"vis_miles":6.0,"gust_mph":7.6,"gust_kph":12.2,"uv":1.0},{"time_epoch":1675742400,"time":"2023-02-07 05:00","temp_c":-4.8,"temp_f":23.4,"is_day":0,"condition":{"text":"Jasno","icon":"//cdn.weatherapi.com/weather/64x64/night/113.png","code":1000},"wind_mph":5.1,"wind_kph":8.3,"wind_degree":33,"wind_dir":"NNE","pressure_mb":1040.0,"pressure_in":30.72,"precip_mm":0.0,"precip_in":0.0,"humidity":80,"cloud":2,"feelslike_c":-8.5,"feelslike_f":16.7,"windchill_c":-8.5,"windchill_f":16.7,"heatindex_c":-4.8,"heatindex_f":23.4,"dewpoint_c":-7.8,"dewpoint_f":18.0,"will_it_rain":0,"chance_of_rain":0,"will_it_snow":0,"chance_of_snow":0,"vis_km":10.0,"vis_miles":6.0,"gust_mph":8.3,"gust_kph":13.3,"uv":1.0},{"time_epoch":1675746000,"time":"2023-02-07 06:00","temp_c":-5.0,"temp_f":23.0,"is_day":0,"condition":{"text":"Jasno","icon":"//cdn.weatherapi.com/weather/64x64/night/113.png","code":1000},"wind_mph":4.0,"wind_kph":6.5,"wind_degree":24,"wind_dir":"NNE","pressure_mb":1040.0,"pressure_in":30.7,"precip_mm":0.0,"precip_in":0.0,"humidity":80,"cloud":2,"feelslike_c":-8.0,"feelslike_f":17.6,"windchill_c":-8.0,"windchill_f":17.6,"heatindex_c":-5.0,"heatindex_f":23.0,"dewpoint_c":-7.9,"dewpoint_f":17.8,"will_it_rain":0,"chance_of_rain":0,"will_it_snow":0,"chance_of_snow":0,"vis_km":10.0,"vis_miles":6.0,"gust_mph":6.5,"gust_kph":10.4,"uv":1.0},{"time_epoch":1675749600,"time":"2023-02-07 07:00","temp_c":-5.2,"temp_f":22.6,"is_day":0,"condition":{"text":"Jasno","icon":"//cdn.weatherapi.com/weather/64x64/night/113.png","code":1000},"wind_mph":4.3,"wind_kph":6.8,"wind_degree":27,"wind_dir":"NNE","pressure_mb":1040.0,"pressure_in":30.72,"precip_mm":0.0,"precip_in":0.0,"humidity":80,"cloud":4,"feelslike_c":-8.4,"feelslike_f":16.9,"windchill_c":-8.4,"windchill_f":16.9,"heatindex_c":-5.2,"heatindex_f":22.6,"dewpoint_c":-8.1,"dewpoint_f":17.4,"will_it_rain":0,"chance_of_rain":0,"will_it_snow":0,"chance_of_snow":0,"vis_km":10.0,"vis_miles":6.0,"gust_mph":7.2,"gust_kph":11.5,"uv":1.0},{"time_epoch":1675753200,"time":"2023-02-07 08:00","temp_c":-4.9,"temp_f":23.2,"is_day":1,"condition":{"text":"Slunečno","icon":"//cdn.weatherapi.com/weather/64x64/day/113.png","code":1000},"wind_mph":4.3,"wind_kph":6.8,"wind_degree":26,"wind_dir":"NNE","pressure_mb":1040.0,"pressure_in":30.72,"precip_mm":0.0,"precip_in":0.0,"humidity":77,"cloud":4,"feelslike_c":-8.0,"feelslike_f":17.6,"windchill_c":-8.0,"windchill_f":17.6,"heatindex_c":-4.9,"heatindex_f":23.2,"dewpoint_c":-8.3,"dewpoint_f":17.1,"will_it_rain":0,"chance_of_rain":0,"will_it_snow":0,"chance_of_snow":0,"vis_km":10.0,"vis_miles":6.0,"gust_mph":6.7,"gust_kph":10.8,"uv":2.0},{"time_epoch":1675756800,"time":"2023-02-07 09:00","temp_c":-3.8,"temp_f":25.2,"is_day":1,"condition":{"text":"Slunečno","icon":"//cdn.weatherapi.com/weather/64x64/day/113.png","code":1000},"wind_mph":6.0,"wind_kph":9.7,"wind_degree":45,"wind_dir":"NE","pressure_mb":1041.0,"pressure_in":30.73,"precip_mm":0.0,"precip_in":0.0,"humidity":69,"cloud":4,"feelslike_c":-7.8,"feelslike_f":18.0,"windchill_c":-7.8,"windchill_f":18.0,"heatindex_c":-3.8,"heatindex_f":25.2,"dewpoint_c":-8.7,"dewpoint_f":16.3,"will_it_rain":0,"chance_of_rain":0,"will_it_snow":0,"chance_of_snow":0,"vis_km":10.0,"vis_miles":6.0,"gust_mph":8.3,"gust_kph":13.3,"uv":2.0},{"time_epoch":1675760400,"time":"2023-02-07 10:00","temp_c":-2.6,"temp_f":27.3,"is_day":1,"condition":{"text":"Slunečno","icon":"//cdn.weatherapi.com/weather/64x64/day/113.png","code":1000},"wind_mph":6.9,"wind_kph":11.2,"wind_degree":53,"wind_dir":"NE","pressure_mb":1040.0,"pressure_in":30.72,"precip_mm":0.0,"precip_in":0.0,"humidity":61,"cloud":5,"feelslike_c":-6.7,"feelslike_f":19.9,"windchill_c":-6.7,"windchill_f":19.9,"heatindex_c":-2.6,"heatindex_f":27.3,"dewpoint_c":-9.2,"dewpoint_f":15.4,"will_it_rain":0,"chance_of_rain":0,"will_it_snow":0,"chance_of_snow":0,"vis_km":10.0,"vis_miles":6.0,"gust_mph":8.7,"gust_kph":14.0,"uv":2.0},{"time_epoch":1675764000,"time":"2023-02-07 11:00","temp_c":-0.4,"temp_f":31.3,"is_day":1,"condition":{"text":"Slunečno","icon":"//cdn.weatherapi.com/weather/64x64/day/113.png","code":1000},"wind_mph":7.4,"wind_kph":11.9,"wind_degree":53,"wind_dir":"NE","pressure_mb":1040.0,"pressure_in":30.71,"precip_mm":0.0,"precip_in":0.0,"humidity":53,"cloud":6,"feelslike_c":-4.3,"feelslike_f":24.3,"windchill_c":-4.3,"windchill_f":24.3,"heatindex_c":-0.4,"heatindex_f":31.3,"dewpoint_c":-8.8,"dewpoint_f":16.2,"will_it_rain":0,"chance_of_rain":0,"will_it_snow":0,"chance_of_snow":0,"vis_km":10.0,"vis_miles":6.0,"gust_mph":8.5,"gust_kph":13.7,"uv":2.0},{"time_epoch":1675767600,"time":"2023-02-07 12:00","temp_c":0.7,"temp_f":33.3,"is_day":1,"condition":{"text":"Slunečno","icon":"//cdn.weatherapi.com/weather/64x64/day/113.png","code":1000},"wind_mph":7.6,"wind_kph":12.2,"wind_degree":57,"wind_dir":"ENE","pressure_mb":1039.0,"pressure_in":30.69,"precip_mm":0.0,"precip_in":0.0,"humidity":46,"cloud":6,"feelslike_c":-3.0,"feelslike_f":26.6,"windchill_c":-3.0,"windchill_f":26.6,"heatindex_c":0.7,"heatindex_f":33.3,"dewpoint_c":-9.6,"dewpoint_f":14.7,"will_it_rain":0,"chance_of_rain":0,"will_it_snow":0,"chance_of_snow":0,"vis_km":10.0,"vis_miles":6.0,"gust_mph":8.7,"gust_kph":14.0,"uv":2.0},{"time_epoch":1675771200,"time":"2023-02-07 13:00","temp_c":1.6,"temp_f":34.9,"is_day":1,"condition":{"text":"Slunečno","icon":"//cdn.weatherapi.com/weather/64x64/day/113.png","code":1000},"wind_mph":7.8,"wind_kph":12.6,"wind_degree":55,"wind_dir":"NE","pressure_mb":1039.0,"pressure_in":30.67,"precip_mm":0.0,"precip_in":0.0,"humidity":40,"cloud":8,"feelslike_c":-2.0,"feelslike_f":28.4,"windchill_c":-2.0,"windchill_f":28.4,"heatindex_c":1.6,"heatindex_f":34.9,"dewpoint_c":-10.4,"dewpoint_f":13.3,"will_it_rain":0,"chance_of_rain":0,"will_it_snow":0,"chance_of_snow":0,"vis_km":10.0,"vis_miles":6.0,"gust_mph":8.9,"gust_kph":14.4,"uv":2.0},{"time_epoch":1675774800,"time":"2023-02-07 14:00","temp_c":1.9,"temp_f":35.4,"is_day":1,"condition":{"text":"Slunečno","icon":"//cdn.weatherapi.com/weather/64x64/day/113.png","code":1000},"wind_mph":9.2,"wind_kph":14.8,"wind_degree":59,"wind_dir":"ENE","pressure_mb":1038.0,"pressure_in":30.66,"precip_mm":0.0,"precip_in":0.0,"humidity":38,"cloud":13,"feelslike_c":-2.0,"feelslike_f":28.4,"windchill_c":-2.0,"windchill_f":28.4,"heatindex_c":1.9,"heatindex_f":35.4,"dewpoint_c":-10.9,"dewpoint_f":12.4,"will_it_rain":0,"chance_of_rain":0,"will_it_snow":0,"chance_of_snow":0,"vis_km":10.0,"vis_miles":6.0,"gust_mph":10.5,"gust_kph":16.9,"uv":2.0},{"time_epoch":1675778400,"time":"2023-02-07 15:00","temp_c":1.2,"temp_f":34.2,"is_day":1,"condition":{"text":"Částečně oblačno","icon":"//cdn.weatherapi.com/weather/64x64/day/116.png","code":1003},"wind_mph":10.3,"wind_kph":16.6,"wind_degree":60,"wind_dir":"ENE","pressure_mb":1039.0,"pressure_in":30.67,"precip_mm":0.0,"precip_in":0.0,"humidity":39,"cloud":62,"feelslike_c":-3.2,"feelslike_f":26.2,"windchill_c":-3.2,"windchill_f":26.2,"heatindex_c":1.2,"heatindex_f":34.2,"dewpoint_c":-11.1,"dewpoint_f":12.0,"will_it_rain":0,"chance_of_rain":0,"will_it_snow":0,"chance_of_snow":0,"vis_km":10.0,"vis_miles":6.0,"gust_mph":12.8,"gust_kph":20.5,"uv":2.0},{"time_epoch":1675782000,"time":"2023-02-07 16:00","temp_c":0.3,"temp_f":32.5,"is_day":1,"condition":{"text":"Zataženo","icon":"//cdn.weatherapi.com/weather/64x64/day/122.png","code":1009},"wind_mph":8.7,"wind_kph":14.0,"wind_degree":58,"wind_dir":"ENE","pressure_mb":1039.0,"pressure_in":30.67,"precip_mm":0.0,"precip_in":0.0,"humidity":46,"cloud":100,"feelslike_c":-3.9,"feelslike_f":25.0,"windchill_c":-3.9,"windchill_f":25.0,"heatindex_c":0.3,"heatindex_f":32.5,"dewpoint_c":-9.9,"dewpoint_f":14.2,"will_it_rain":0,"chance_of_rain":0,"will_it_snow":0,"chance_of_snow":0,"vis_km":10.0,"vis_miles":6.0,"gust_mph":11.9,"gust_kph":19.1,"uv":1.0},{"time_epoch":1675785600,"time":"2023-02-07 17:00","temp_c":-0.8,"temp_f":30.6,"is_day":1,"condition":{"text":"Částečně oblačno","icon":"//cdn.weatherapi.com/weather/64x64/day/116.png","code":1003},"wind_mph":6.7,"wind_kph":10.8,"wind_degree":42,"wind_dir":"NE","pressure_mb":1039.0,"pressure_in":30.68,"precip_mm":0.0,"precip_in":0.0,"humidity":54,"cloud":58,"feelslike_c":-4.5,"feelslike_f":23.9,"windchill_c":-4.5,"windchill_f":23.9,"heatindex_c":-0.8,"heatindex_f":30.6,"dewpoint_c":-8.9,"dewpoint_f":16.0,"will_it_rain":0,"chance_of_rain":0,"will_it_snow":0,"chance_of_snow":0,"vis_km":10.0,"vis_miles":6.0,"gust_mph":9.8,"gust_kph":15.8,"uv":2.0},{"time_epoch":1675789200,"time":"2023-02-07 18:00","temp_c":0.0,"temp_f":32.0,"is_day":0,"condition":{"text":"Jasno","icon":"//cdn.weatherapi.com/weather/64x64/night/113.png","code":1000},"wind_mph":7.6,"wind_kph":12.2,"wind_degree":44,"wind_dir":"NE","pressure_mb":1040.0,"pressure_in":30.71,"precip_mm":0.0,"precip_in":0.0,"humidity":61,"cloud":4,"feelslike_c":-3.9,"feelslike_f":25.0,"windchill_c":-3.9,"windchill_f":25.0,"heatindex_c":0.0,"heatindex_f":32.0,"dewpoint_c":-6.6,"dewpoint_f":20.1,"will_it_rain":0,"chance_of_rain":0,"will_it_snow":0,"chance_of_snow":0,"vis_km":10.0,"vis_miles":6.0,"gust_mph":8.7,"gust_kph":14.0,"uv":1.0},{"time_epoch":1675792800,"time":"2023-02-07 19:00","temp_c":-0.3,"temp_f":31.5,"is_day":0,"condition":{"text":"Jasno","icon":"//cdn.weatherapi.com/weather/64x64/night/113.png","code":1000},"wind_mph":8.5,"wind_kph":13.7,"wind_degree":38,"wind_dir":"NE","pressure_mb":1041.0,"pressure_in":30.73,"precip_mm":0.0,"precip_in":0.0,"humidity":64,"cloud":4,"feelslike_c":-4.5,"feelslike_f":23.9,"windchill_c":-4.5,"windchill_f":23.9,"heatindex_c":-0.3,"heatindex_f":31.5,"dewpoint_c":-6.3,"dewpoint_f":20.7,"will_it_rain":0,"chance_of_rain":0,"will_it_snow":0,"chance_of_snow":0,"vis_km":10.0,"vis_miles":6.0,"gust_mph":9.8,"gust_kph":15.8,"uv":1.0},{"time_epoch":1675796400,"time":"2023-02-07 20:00","temp_c":-3.1,"temp_f":26.4,"is_day":0,"condition":{"text":"Jasno","icon":"//cdn.weatherapi.com/weather/64x64/night/113.png","code":1000},"wind_mph":8.5,"wind_kph":13.7,"wind_degree":40,"wind_dir":"NE","pressure_mb":1041.0,"pressure_in":30.73,"precip_mm":0.0,"precip_in":0.0,"humidity":69,"cloud":4,"feelslike_c":-8.0,"feelslike_f":17.6,"windchill_c":-8.0,"windchill_f":17.6,"heatindex_c":-3.1,"heatindex_f":26.4,"dewpoint_c":-8.0,"dewpoint_f":17.6,"will_it_rain":0,"chance_of_rain":0,"will_it_snow":0,"chance_of_snow":0,"vis_km":10.0,"vis_miles":6.0,"gust_mph":13.2,"gust_kph":21.2,"uv":1.0},{"time_epoch":1675800000,"time":"2023-02-07 21:00","temp_c":-3.1,"temp_f":26.4,"is_day":0,"condition":{"text":"Jasno","icon":"//cdn.weatherapi.com/weather/64x64/night/113.png","code":1000},"wind_mph":8.9,"wind_kph":14.4,"wind_degree":42,"wind_dir":"NE","pressure_mb":1041.0,"pressure_in":30.74,"precip_mm":0.0,"precip_in":0.0,"humidity":72,"cloud":4,"feelslike_c":-8.1,"feelslike_f":17.4,"windchill_c":-8.1,"windchill_f":17.4,"heatindex_c":-3.1,"heatindex_f":26.4,"dewpoint_c":-7.4,"dewpoint_f":18.7,"will_it_rain":0,"chance_of_rain":0,"will_it_snow":0,"chance_of_snow":0,"vis_km":10.0,"vis_miles":6.0,"gust_mph":13.4,"gust_kph":21.6,"uv":1.0},{"time_epoch":1675803600,"time":"2023-02-07 22:00","temp_c":-3.1,"temp_f":26.4,"is_day":0,"condition":{"text":"Jasno","icon":"//cdn.weatherapi.com/weather/64x64/night/113.png","code":1000},"wind_mph":9.2,"wind_kph":14.8,"wind_degree":42,"wind_dir":"NE","pressure_mb":1041.0,"pressure_in":30.75,"precip_mm":0.0,"precip_in":0.0,"humidity":75,"cloud":15,"feelslike_c":-8.2,"feelslike_f":17.2,"windchill_c":-8.2,"windchill_f":17.2,"heatindex_c":-3.1,"heatindex_f":26.4,"dewpoint_c":-6.8,"dewpoint_f":19.8,"will_it_rain":0,"chance_of_rain":0,"will_it_snow":0,"chance_of_snow":0,"vis_km":10.0,"vis_miles":6.0,"gust_mph":13.9,"gust_kph":22.3,"uv":1.0},{"time_epoch":1675807200,"time":"2023-02-07 23:00","temp_c":-3.0,"temp_f":26.6,"is_day":0,"condition":{"text":"Jasno","icon":"//cdn.weatherapi.com/weather/64x64/night/113.png","code":1000},"wind_mph":9.2,"wind_kph":14.8,"wind_degree":41,"wind_dir":"NE","pressure_mb":1042.0,"pressure_in":30.76,"precip_mm":0.0,"precip_in":0.0,"humidity":78,"cloud":21,"feelslike_c":-8.1,"feelslike_f":17.4,"windchill_c":-8.1,"windchill_f":17.4,"heatindex_c":-3.0,"heatindex_f":26.6,"dewpoint_c":-6.3,"dewpoint_f":20.7,"will_it_rain":0,"chance_of_rain":0,"will_it_snow":0,"chance_of_snow":0,"vis_km":10.0,"vis_miles":6.0,"gust_mph":13.6,"gust_kph":22.0,"uv":1.0}]},{"date":"2023-02-08","date_epoch":1675814400,"day":{"maxtemp_c":4.0,"maxtemp_f":39.2,"mintemp_c":-4.1,"mintemp_f":24.6,"avgtemp_c":-1.3,"avgtemp_f":29.7,"maxwind_mph":12.8,"maxwind_kph":20.5,"totalprecip_mm":0.0,"totalprecip_in":0.0,"totalsnow_cm":0.0,"avgvis_km":10.0,"avgvis_miles":6.0,"avghumidity":66.0,"daily_will_it_rain":0,"daily_chance_of_rain":0,"daily_will_it_snow":0,"daily_chance_of_snow":0,"condition":{"text":"Slunečno","icon":"//cdn.weatherapi.com/weather/64x64/day/113.png","code":1000},"uv":2.0},"astro":{"sunrise":"07:16 AM","sunset":"05:04 PM","moonrise":"07:54 PM","moonset":"08:41 AM","moon_phase":"Waning Gibbous","moon_illumination":"95","is_moon_up":1,"is_sun_up":0},"hour":[{"time_epoch":1675810800,"time":"2023-02-08 00:00","temp_c":-3.2,"temp_f":26.2,"is_day":0,"condition":{"text":"Částečně oblačno","icon":"//cdn.weatherapi.com/weather/64x64/night/116.png","code":1003},"wind_mph":8.7,"wind_kph":14.0,"wind_degree":43,"wind_dir":"NE","pressure_mb":1042.0,"pressure_in":30.76,"precip_mm":0.0,"precip_in":0.0,"humidity":79,"cloud":30,"feelslike_c":-8.2,"feelslike_f":17.2,"windchill_c":-8.2,"windchill_f":17.2,"heatindex_c":-3.2,"heatindex_f":26.2,"dewpoint_c":-6.3,"dewpoint_f":20.7,"will_it_rain":0,"chance_of_rain":0,"will_it_snow":0,"chance_of_snow":0,"vis_km":10.0,"vis_miles":6.0,"gust_mph":13.6,"gust_kph":22.0,"uv":1.0},{"time_epoch":1675814400,"time":"2023-02-08 01:00","temp_c":-3.2,"temp_f":26.2,"is_day":0,"condition":{"text":"Částečně oblačno","icon":"//cdn.weatherapi.com/weather/64x64/night/116.png","code":1003},"wind_mph":9.4,"wind_kph":15.1,"wind_degree":51,"wind_dir":"NE","pressure_mb":1042.0,"pressure_in":30.77,"precip_mm":0.0,"precip_in":0.0,"humidity":81,"cloud":57,"feelslike_c":-8.4,"feelslike_f":16.9,"windchill_c":-8.4,"windchill_f":16.9,"heatindex_c":-3.2,"heatindex_f":26.2,"dewpoint_c":-5.9,"dewpoint_f":21.4,"will_it_rain":0,"chance_of_rain":0,"will_it_snow":0,"chance_of_snow":0,"vis_km":10.0,"vis_miles":6.0,"gust_mph":14.5,"gust_kph":23.4,"uv":1.0},{"time_epoch":1675818000,"time":"2023-02-08 02:00","temp_c":-3.3,"temp_f":26.1,"is_day":0,"condition":{"text":"Částečně oblačno","icon":"//cdn.weatherapi.com/weather/64x64/night/116.png","code":1003},"wind_mph":9.8,"wind_kph":15.8,"wind_degree":63,"wind_dir":"ENE","pressure_mb":1043.0,"pressure_in":30.79,"precip_mm":0.0,"precip_in":0.0,"humidity":85,"cloud":61,"feelslike_c":-8.7,"feelslike_f":16.3,"windchill_c":-8.7,"windchill_f":16.3,"heatindex_c":-3.3,"heatindex_f":26.1,"dewpoint_c":-5.5,"dewpoint_f":22.1,"will_it_rain":0,"chance_of_rain":0,"will_it_snow":0,"chance_of_snow":0,"vis_km":10.0,"vis_miles":6.0,"gust_mph":15.0,"gust_kph":24.1,"uv":1.0},{"time_epoch":1675821600,"time":"2023-02-08 03:00","temp_c":-3.5,"temp_f":25.7,"is_day":0,"condition":{"text":"Zataženo","icon":"//cdn.weatherapi.com/weather/64x64/night/122.png","code":1009},"wind_mph":9.8,"wind_kph":15.8,"wind_degree":73,"wind_dir":"ENE","pressure_mb":1043.0,"pressure_in":30.79,"precip_mm":0.0,"precip_in":0.0,"humidity":88,"cloud":100,"feelslike_c":-8.9,"feelslike_f":16.0,"windchill_c":-8.9,"windchill_f":16.0,"heatindex_c":-3.5,"heatindex_f":25.7,"dewpoint_c":-5.2,"dewpoint_f":22.6,"will_it_rain":0,"chance_of_rain":0,"will_it_snow":0,"chance_of_snow":0,"vis_km":10.0,"vis_miles":6.0,"gust_mph":14.8,"gust_kph":23.8,"uv":1.0},{"time_epoch":1675825200,"time":"2023-02-08 04:00","temp_c":-3.3,"temp_f":26.1,"is_day":0,"condition":{"text":"Zataženo","icon":"//cdn.weatherapi.com/weather/64x64/night/122.png","code":1009},"wind_mph":8.9,"wind_kph":14.4,"wind_degree":79,"wind_dir":"E","pressure_mb":1043.0,"pressure_in":30.8,"precip_mm":0.0,"precip_in":0.0,"humidity":86,"cloud":100,"feelslike_c":-8.4,"feelslike_f":16.9,"windchill_c":-8.4,"windchill_f":16.9,"heatindex_c":-3.3,"heatindex_f":26.1,"dewpoint_c":-5.4,"dewpoint_f":22.3,"will_it_rain":0,"chance_of_rain":0,"will_it_snow":0,"chance_of_snow":0,"vis_km":10.0,"vis_miles":6.0,"gust_mph":13.0,"gust_kph":20.9,"uv":1.0},{"time_epoch":1675828800,"time":"2023-02-08 05:00","temp_c":-3.6,"temp_f":25.5,"is_day":0,"condition":{"text":"Částečně oblačno","icon":"//cdn.weatherapi.com/weather/64x64/night/116.png","code":1003},"wind_mph":8.7,"wind_kph":14.0,"wind_degree":88,"wind_dir":"E","pressure_mb":1043.0,"pressure_in":30.81,"precip_mm":0.0,"precip_in":0.0,"humidity":82,"cloud":31,"feelslike_c":-8.7,"feelslike_f":16.3,"windchill_c":-8.7,"windchill_f":16.3,"heatindex_c":-3.6,"heatindex_f":25.5,"dewpoint_c":-6.2,"dewpoint_f":20.8,"will_it_rain":0,"chance_of_rain":0,"will_it_snow":0,"chance_of_snow":0,"vis_km":10.0,"vis_miles":6.0,"gust_mph":13.2,"gust_kph":21.2,"uv":1.0},{"time_epoch":1675832400,"time":"2023-02-08 06:00","temp_c":-4.1,"temp_f":24.6,"is_day":0,"condition":{"text":"Zataženo","icon":"//cdn.weatherapi.com/weather/64x64/night/122.png","code":1009},"wind_mph":7.6,"wind_kph":12.2,"wind_degree":91,"wind_dir":"E","pressure_mb":1044.0,"pressure_in":30.82,"precip_mm":0.0,"precip_in":0.0,"humidity":79,"cloud":88,"feelslike_c":-8.8,"feelslike_f":16.2,"windchill_c":-8.8,"windchill_f":16.2,"heatindex_c":-4.1,"heatindex_f":24.6,"dewpoint_c":-7.2,"dewpoint_f":19.0,"will_it_rain":0,"chance_of_rain":0,"will_it_snow":0,"chance_of_snow":0,"vis_km":10.0,"vis_miles":6.0,"gust_mph":12.1,"gust_kph":19.4,"uv":1.0},{"time_epoch":1675836000,"time":"2023-02-08 07:00","temp_c":-3.9,"temp_f":25.0,"is_day":0,"condition":{"text":"Oblačno","icon":"//cdn.weatherapi.com/weather/64x64/night/119.png","code":1006},"wind_mph":8.5,"wind_kph":13.7,"wind_degree":91,"wind_dir":"E","pressure_mb":1045.0,"pressure_in":30.85,"precip_mm":0.0,"precip_in":0.0,"humidity":79,"cloud":68,"feelslike_c":-8.9,"feelslike_f":16.0,"windchill_c":-8.9,"windchill_f":16.0,"heatindex_c":-3.9,"heatindex_f":25.0,"dewpoint_c":-7.0,"dewpoint_f":19.4,"will_it_rain":0,"chance_of_rain":0,"will_it_snow":0,"chance_of_snow":0,"vis_km":10.0,"vis_miles":6.0,"gust_mph":13.0,"gust_kph":20.9,"uv":1.0},{"time_epoch":1675839600,"time":"2023-02-08 08:00","temp_c":-3.9,"temp_f":25.0,"is_day":1,"condition":{"text":"Částečně oblačno","icon":"//cdn.weatherapi.com/weather/64x64/day/116.png","code":1003},"wind_mph":8.1,"wind_kph":13.0,"wind_degree":88,"wind_dir":"E","pressure_mb":1046.0,"pressure_in":30.88,"precip_mm":0.0,"precip_in":0.0,"humidity":82,"cloud":27,"feelslike_c":-8.8,"feelslike_f":16.2,"windchill_c":-8.8,"windchill_f":16.2,"heatindex_c":-3.9,"heatindex_f":25.0,"dewpoint_c":-6.5,"dewpoint_f":20.3,"will_it_rain":0,"chance_of_rain":0,"will_it_snow":0,"chance_of_snow":0,"vis_km":10.0,"vis_miles":6.0,"gust_mph":12.1,"gust_kph":19.4,"uv":2.0},{"time_epoch":1675843200,"time":"2023-02-08 09:00","temp_c":-2.9,"temp_f":26.8,"is_day":1,"condition":{"text":"Slunečno","icon":"//cdn.weatherapi.com/weather/64x64/day/113.png","code":1000},"wind_mph":9.4,"wind_kph":15.1,"wind_degree":93,"wind_dir":"E","pressure_mb":1046.0,"pressure_in":30.89,"precip_mm":0.0,"precip_in":0.0,"humidity":75,"cloud":6,"feelslike_c":-8.0,"feelslike_f":17.6,"windchill_c":-8.0,"windchill_f":17.6,"heatindex_c":-2.9,"heatindex_f":26.8,"dewpoint_c":-6.6,"dewpoint_f":20.1,"will_it_rain":0,"chance_of_rain":0,"will_it_snow":0,"chance_of_snow":0,"vis_km":10.0,"vis_miles":6.0,"gust_mph":12.5,"gust_kph":20.2,"uv":2.0},{"time_epoch":1675846800,"time":"2023-02-08 10:00","temp_c":-1.7,"temp_f":28.9,"is_day":1,"condition":{"text":"Slunečno","icon":"//cdn.weatherapi.com/weather/64x64/day/113.png","code":1000},"wind_mph":10.7,"wind_kph":17.3,"wind_degree":93,"wind_dir":"E","pressure_mb":1047.0,"pressure_in":30.91,"precip_mm":0.0,"precip_in":0.0,"humidity":65,"cloud":0,"feelslike_c":-6.9,"feelslike_f":19.6,"windchill_c":-6.9,"windchill_f":19.6,"heatindex_c":-1.7,"heatindex_f":28.9,"dewpoint_c":-7.4,"dewpoint_f":18.7,"will_it_rain":0,"chance_of_rain":0,"will_it_snow":0,"chance_of_snow":0,"vis_km":10.0,"vis_miles":6.0,"gust_mph":13.4,"gust_kph":21.6,"uv":2.0},{"time_epoch":1675850400,"time":"2023-02-08 11:00","temp_c":1.8,"temp_f":35.2,"is_day":1,"condition":{"text":"Slunečno","icon":"//cdn.weatherapi.com/weather/64x64/day/113.png","code":1000},"wind_mph":11.9,"wind_kph":19.1,"wind_degree":108,"wind_dir":"ESE","pressure_mb":1047.0,"pressure_in":30.92,"precip_mm":0.0,"precip_in":0.0,"humidity":55,"cloud":0,"feelslike_c":-2.8,"feelslike_f":27.0,"windchill_c":-2.8,"windchill_f":27.0,"heatindex_c":1.8,"heatindex_f":35.2,"dewpoint_c":-6.2,"dewpoint_f":20.8,"will_it_rain":0,"chance_of_rain":0,"will_it_snow":0,"chance_of_snow":0,"vis_km":10.0,"vis_miles":6.0,"gust_mph":13.6,"gust_kph":22.0,"uv":2.0},{"time_epoch":1675854000,"time":"2023-02-08 12:00","temp_c":3.0,"temp_f":37.4,"is_day":1,"condition":{"text":"Slunečno","icon":"//cdn.weatherapi.com/weather/64x64/day/113.png","code":1000},"wind_mph":12.5,"wind_kph":20.2,"wind_degree":117,"wind_dir":"ESE","pressure_mb":1047.0,"pressure_in":30.91,"precip_mm":0.0,"precip_in":0.0,"humidity":48,"cloud":0,"feelslike_c":-1.5,"feelslike_f":29.3,"windchill_c":-1.5,"windchill_f":29.3,"heatindex_c":3.0,"heatindex_f":37.4,"dewpoint_c":-6.9,"dewpoint_f":19.6,"will_it_rain":0,"chance_of_rain":0,"will_it_snow":0,"chance_of_snow":0,"vis_km":10.0,"vis_miles":6.0,"gust_mph":14.3,"gust_kph":23.0,"uv":2.0},{"time_epoch":1675857600,"time":"2023-02-08 13:00","temp_c":3.7,"temp_f":38.7,"is_day":1,"condition":{"text":"Slunečno","icon":"//cdn.weatherapi.com/weather/64x64/day/113.png","code":1000},"wind_mph":12.8,"wind_kph":20.5,"wind_degree":122,"wind_dir":"ESE","pressure_mb":1046.0,"pressure_in":30.89,"precip_mm":0.0,"precip_in":0.0,"humidity":43,"cloud":0,"feelslike_c":-0.6,"feelslike_f":30.9,"windchill_c":-0.6,"windchill_f":30.9,"heatindex_c":3.7,"heatindex_f":38.7,"dewpoint_c":-7.8,"dewpoint_f":18.0,"will_it_rain":0,"chance_of_rain":0,"will_it_snow":0,"chance_of_snow":0,"vis_km":10.0,"vis_miles":6.0,"gust_mph":14.8,"gust_kph":23.8,"uv":2.0},{"time_epoch":1675861200,"time":"2023-02-08 14:00","temp_c":4.0,"temp_f":39.2,"is_day":1,"condition":{"text":"Slunečno","icon":"//cdn.weatherapi.com/weather/64x64/day/113.png","code":1000},"wind_mph":12.5,"wind_kph":20.2,"wind_degree":121,"wind_dir":"ESE","pressure_mb":1046.0,"pressure_in":30.89,"precip_mm":0.0,"precip_in":0.0,"humidity":40,"cloud":2,"feelslike_c":-0.2,"feelslike_f":31.6,"windchill_c":-0.2,"windchill_f":31.6,"heatindex_c":4.0,"heatindex_f":39.2,"dewpoint_c":-8.4,"dewpoint_f":16.9,"will_it_rain":0,"chance_of_rain":0,"will_it_snow":0,"chance_of_snow":0,"vis_km":10.0,"vis_miles":6.0,"gust_mph":14.3,"gust_kph":23.0,"uv":2.0},{"time_epoch":1675864800,"time":"2023-02-08 15:00","temp_c":3.9,"temp_f":39.0,"is_day":1,"condition":{"text":"Slunečno","icon":"//cdn.weatherapi.com/weather/64x64/day/113.png","code":1000},"wind_mph":12.5,"wind_kph":20.2,"wind_degree":119,"wind_dir":"ESE","pressure_mb":1046.0,"pressure_in":30.89,"precip_mm":0.0,"precip_in":0.0,"humidity":41,"cloud":2,"feelslike_c":-0.3,"feelslike_f":31.5,"windchill_c":-0.3,"windchill_f":31.5,"heatindex_c":3.9,"heatindex_f":39.0,"dewpoint_c":-8.2,"dewpoint_f":17.2,"will_it_rain":0,"chance_of_rain":0,"will_it_snow":0,"chance_of_snow":0,"vis_km":10.0,"vis_miles":6.0,"gust_mph":14.3,"gust_kph":23.0,"uv":2.0},{"time_epoch":1675868400,"time":"2023-02-08 16:00","temp_c":3.2,"temp_f":37.8,"is_day":1,"condition":{"text":"Slunečno","icon":"//cdn.weatherapi.com/weather/64x64/day/113.png","code":1000},"wind_mph":10.1,"wind_kph":16.2,"wind_degree":116,"wind_dir":"ESE","pressure_mb":1046.0,"pressure_in":30.89,"precip_mm":0.0,"precip_in":0.0,"humidity":46,"cloud":1,"feelslike_c":-0.7,"feelslike_f":30.7,"windchill_c":-0.7,"windchill_f":30.7,"heatindex_c":3.2,"heatindex_f":37.8,"dewpoint_c":-7.2,"dewpoint_f":19.0,"will_it_rain":0,"chance_of_rain":0,"will_it_snow":0,"chance_of_snow":0,"vis_km":10.0,"vis_miles":6.0,"gust_mph":11.6,"gust_kph":18.7,"uv":2.0},{"time_epoch":1675872000,"time":"2023-02-08 17:00","temp_c":1.5,"temp_f":34.7,"is_day":1,"condition":{"text":"Slunečno","icon":"//cdn.weatherapi.com/weather/64x64/day/113.png","code":1000},"wind_mph":7.4,"wind_kph":11.9,"wind_degree":108,"wind_dir":"ESE","pressure_mb":1046.0,"pressure_in":30.89,"precip_mm":0.0,"precip_in":0.0,"humidity":54,"cloud":0,"feelslike_c":-2.0,"feelslike_f":28.4,"windchill_c":-2.0,"windchill_f":28.4,"heatindex_c":1.5,"heatindex_f":34.7,"dewpoint_c":-6.7,"dewpoint_f":19.9,"will_it_rain":0,"chance_of_rain":0,"will_it_snow":0,"chance_of_snow":0,"vis_km":10.0,"vis_miles":6.0,"gust_mph":8.5,"gust_kph":13.7,"uv":2.0},{"time_epoch":1675875600,"time":"2023-02-08 18:00","temp_c":-2.2,"temp_f":28.0,"is_day":0,"condition":{"text":"Jasno","icon":"//cdn.weatherapi.com/weather/64x64/night/113.png","code":1000},"wind_mph":6.5,"wind_kph":10.4,"wind_degree":100,"wind_dir":"E","pressure_mb":1046.0,"pressure_in":30.9,"precip_mm":0.0,"precip_in":0.0,"humidity":58,"cloud":0,"feelslike_c":-6.1,"feelslike_f":21.0,"windchill_c":-6.1,"windchill_f":21.0,"heatindex_c":-2.2,"heatindex_f":28.0,"dewpoint_c":-9.3,"dewpoint_f":15.3,"will_it_rain":0,"chance_of_rain":0,"will_it_snow":0,"chance_of_snow":0,"vis_km":10.0,"vis_miles":6.0,"gust_mph":12.1,"gust_kph":19.4,"uv":1.0},{"time_epoch":1675879200,"time":"2023-02-08 19:00","temp_c":-2.1,"temp_f":28.2,"is_day":0,"condition":{"text":"Jasno","icon":"//cdn.weatherapi.com/weather/64x64/night/113.png","code":1000},"wind_mph":6.0,"wind_kph":9.7,"wind_degree":93,"wind_dir":"E","pressure_mb":1047.0,"pressure_in":30.91,"precip_mm":0.0,"precip_in":0.0,"humidity":60,"cloud":2,"feelslike_c":-5.7,"feelslike_f":21.7,"windchill_c":-5.7,"windchill_f":21.7,"heatindex_c":-2.1,"heatindex_f":28.2,"dewpoint_c":-8.9,"dewpoint_f":16.0,"will_it_rain":0,"chance_of_rain":0,"will_it_snow":0,"chance_of_snow":0,"vis_km":10.0,"vis_miles":6.0,"gust_mph":10.7,"gust_kph":17.3,"uv":1.0},{"time_epoch":1675882800,"time":"2023-02-08 20:00","temp_c":-2.6,"temp_f":27.3,"is_day":0,"condition":{"text":"Jasno","icon":"//cdn.weatherapi.com/weather/64x64/night/113.png","code":1000},"wind_mph":5.4,"wind_kph":8.6,"wind_degree":93,"wind_dir":"E","pressure_mb":1047.0,"pressure_in":30.91,"precip_mm":0.0,"precip_in":0.0,"humidity":61,"cloud":2,"feelslike_c":-6.0,"feelslike_f":21.2,"windchill_c":-6.0,"windchill_f":21.2,"heatindex_c":-2.6,"heatindex_f":27.3,"dewpoint_c":-9.1,"dewpoint_f":15.6,"will_it_rain":0,"chance_of_rain":0,"will_it_snow":0,"chance_of_snow":0,"vis_km":10.0,"vis_miles":6.0,"gust_mph":9.8,"gust_kph":15.8,"uv":1.0},{"time_epoch":1675886400,"time":"2023-02-08 21:00","temp_c":-2.7,"temp_f":27.1,"is_day":0,"condition":{"text":"Jasno","icon":"//cdn.weatherapi.com/weather/64x64/night/113.png","code":1000},"wind_mph":4.9,"wind_kph":7.9,"wind_degree":93,"wind_dir":"E","pressure_mb":1047.0,"pressure_in":30.91,"precip_mm":0.0,"precip_in":0.0,"humidity":62,"cloud":3,"feelslike_c":-5.9,"feelslike_f":21.4,"windchill_c":-5.9,"windchill_f":21.4,"heatindex_c":-2.7,"heatindex_f":27.1,"dewpoint_c":-9.0,"dewpoint_f":15.8,"will_it_rain":0,"chance_of_rain":0,"will_it_snow":0,"chance_of_snow":0,"vis_km":10.0,"vis_miles":6.0,"gust_mph":8.9,"gust_kph":14.4,"uv":1.0},{"time_epoch":1675890000,"time":"2023-02-08 22:00","temp_c":-2.8,"temp_f":27.0,"is_day":0,"condition":{"text":"Jasno","icon":"//cdn.weatherapi.com/weather/64x64/night/113.png","code":1000},"wind_mph":5.1,"wind_kph":8.3,"wind_degree":90,"wind_dir":"E","pressure_mb":1047.0,"pressure_in":30.91,"precip_mm":0.0,"precip_in":0.0,"humidity":64,"cloud":3,"feelslike_c":-6.1,"feelslike_f":21.0,"windchill_c":-6.1,"windchill_f":21.0,"heatindex_c":-2.8,"heatindex_f":27.0,"dewpoint_c":-8.7,"dewpoint_f":16.3,"will_it_rain":0,"chance_of_rain":0,"will_it_snow":0,"chance_of_snow":0,"vis_km":10.0,"vis_miles":6.0,"gust_mph":9.2,"gust_kph":14.8,"uv":1.0},{"time_epoch":1675893600,"time":"2023-02-08 23:00","temp_c":-2.9,"temp_f":26.8,"is_day":0,"condition":{"text":"Jasno","icon":"//cdn.weatherapi.com/weather/64x64/night/113.png","code":1000},"wind_mph":5.1,"wind_kph":8.3,"wind_degree":88,"wind_dir":"E","pressure_mb":1047.0,"pressure_in":30.91,"precip_mm":0.0,"precip_in":0.0,"humidity":66,"cloud":4,"feelslike_c":-6.2,"feelslike_f":20.8,"windchill_c":-6.2,"windchill_f":20.8,"heatindex_c":-2.9,"heatindex_f":26.8,"dewpoint_c":-8.3,"dewpoint_f":17.1,"will_it_rain":0,"chance_of_rain":0,"will_it_snow":0,"chance_of_snow":0,"vis_km":10.0,"vis_miles":6.0,"gust_mph":8.9,"gust_kph":14.4,"uv":1.0}]},{"date":"2023-02-09","date_epoch":1675900800,"day":{"maxtemp_c":3.9,"maxtemp_f":39.0,"mintemp_c":-4.5,"mintemp_f":23.9,"avgtemp_c":-2.0,"avgtemp_f":28.3,"maxwind_mph":18.6,"maxwind_kph":29.9,"totalprecip_mm":0.0,"totalprecip_in":0.0,"totalsnow_cm":0.0,"avgvis_km":10.0,"avgvis_miles":6.0,"avghumidity":66.0,"daily_will_it_rain":0,"daily_chance_of_rain":0,"daily_will_it_snow":0,"daily_chance_of_snow":0,"condition":{"text":"Slunečno","icon":"//cdn.weatherapi.com/weather/64x64/day/113.png","code":1000},"uv":2.0},"astro":{"sunrise":"07:15 AM","sunset":"05:06 PM","moonrise":"09:03 PM","moonset":"08:55 AM","moon_phase":"Waning Gibbous","moon_illumination":"91","is_moon_up":1,"is_sun_up":0},"hour":[{"time_epoch":1675897200,"time":"2023-02-09 00:00","temp_c":-3.2,"temp_f":26.2,"is_day":0,"condition":{"text":"Jasno","icon":"//cdn.weatherapi.com/weather/64x64/night/113.png","code":1000},"wind_mph":5.6,"wind_kph":9.0,"wind_degree":86,"wind_dir":"E","pressure_mb":1047.0,"pressure_in":30.91,"precip_mm":0.0,"precip_in":0.0,"humidity":69,"cloud":4,"feelslike_c":-6.8,"feelslike_f":19.8,"windchill_c":-6.8,"windchill_f":19.8,"heatindex_c":-3.2,"heatindex_f":26.2,"dewpoint_c":-8.1,"dewpoint_f":17.4,"will_it_rain":0,"chance_of_rain":0,"will_it_snow":0,"chance_of_snow":0,"vis_km":10.0,"vis_miles":6.0,"gust_mph":9.8,"gust_kph":15.8,"uv":1.0},{"time_epoch":1675900800,"time":"2023-02-09 01:00","temp_c":-3.4,"temp_f":25.9,"is_day":0,"condition":{"text":"Jasno","icon":"//cdn.weatherapi.com/weather/64x64/night/113.png","code":1000},"wind_mph":5.6,"wind_kph":9.0,"wind_degree":88,"wind_dir":"E","pressure_mb":1046.0,"pressure_in":30.9,"precip_mm":0.0,"precip_in":0.0,"humidity":71,"cloud":4,"feelslike_c":-7.1,"feelslike_f":19.2,"windchill_c":-7.1,"windchill_f":19.2,"heatindex_c":-3.4,"heatindex_f":25.9,"dewpoint_c":-7.8,"dewpoint_f":18.0,"will_it_rain":0,"chance_of_rain":0,"will_it_snow":0,"chance_of_snow":0,"vis_km":10.0,"vis_miles":6.0,"gust_mph":9.8,"gust_kph":15.8,"uv":1.0},{"time_epoch":1675904400,"time":"2023-02-09 02:00","temp_c":-3.6,"temp_f":25.5,"is_day":0,"condition":{"text":"Jasno","icon":"//cdn.weatherapi.com/weather/64x64/night/113.png","code":1000},"wind_mph":5.6,"wind_kph":9.0,"wind_degree":90,"wind_dir":"E","pressure_mb":1046.0,"pressure_in":30.89,"precip_mm":0.0,"precip_in":0.0,"humidity":73,"cloud":4,"feelslike_c":-7.3,"feelslike_f":18.9,"windchill_c":-7.3,"windchill_f":18.9,"heatindex_c":-3.6,"heatindex_f":25.5,"dewpoint_c":-7.8,"dewpoint_f":18.0,"will_it_rain":0,"chance_of_rain":0,"will_it_snow":0,"chance_of_snow":0,"vis_km":10.0,"vis_miles":6.0,"gust_mph":9.8,"gust_kph":15.8,"uv":1.0},{"time_epoch":1675908000,"time":"2023-02-09 03:00","temp_c":-3.8,"temp_f":25.2,"is_day":0,"condition":{"text":"Jasno","icon":"//cdn.weatherapi.com/weather/64x64/night/113.png","code":1000},"wind_mph":5.6,"wind_kph":9.0,"wind_degree":93,"wind_dir":"E","pressure_mb":1046.0,"pressure_in":30.88,"precip_mm":0.0,"precip_in":0.0,"humidity":74,"cloud":4,"feelslike_c":-7.5,"feelslike_f":18.5,"windchill_c":-7.5,"windchill_f":18.5,"heatindex_c":-3.8,"heatindex_f":25.2,"dewpoint_c":-7.8,"dewpoint_f":18.0,"will_it_rain":0,"chance_of_rain":0,"will_it_snow":0,"chance_of_snow":0,"vis_km":10.0,"vis_miles":6.0,"gust_mph":10.1,"gust_kph":16.2,"uv":1.0},{"time_epoch":1675911600,"time":"2023-02-09 04:00","temp_c":-3.9,"temp_f":25.0,"is_day":0,"condition":{"text":"Jasno","icon":"//cdn.weatherapi.com/weather/64x64/night/113.png","code":1000},"wind_mph":5.1,"wind_kph":8.3,"wind_degree":97,"wind_dir":"E","pressure_mb":1045.0,"pressure_in":30.87,"precip_mm":0.0,"precip_in":0.0,"humidity":74,"cloud":4,"feelslike_c":-7.4,"feelslike_f":18.7,"windchill_c":-7.4,"windchill_f":18.7,"heatindex_c":-3.9,"heatindex_f":25.0,"dewpoint_c":-7.8,"dewpoint_f":18.0,"will_it_rain":0,"chance_of_rain":0,"will_it_snow":0,"chance_of_snow":0,"vis_km":10.0,"vis_miles":6.0,"gust_mph":9.2,"gust_kph":14.8,"uv":1.0},{"time_epoch":1675915200,"time":"2023-02-09 05:00","temp_c":-4.1,"temp_f":24.6,"is_day":0,"condition":{"text":"Jasno","icon":"//cdn.weatherapi.com/weather/64x64/night/113.png","code":1000},"wind_mph":5.6,"wind_kph":9.0,"wind_degree":93,"wind_dir":"E","pressure_mb":1045.0,"pressure_in":30.86,"precip_mm":0.0,"precip_in":0.0,"humidity":74,"cloud":6,"feelslike_c":-7.9,"feelslike_f":17.8,"windchill_c":-7.9,"windchill_f":17.8,"heatindex_c":-4.1,"heatindex_f":24.6,"dewpoint_c":-8.0,"dewpoint_f":17.6,"will_it_rain":0,"chance_of_rain":0,"will_it_snow":0,"chance_of_snow":0,"vis_km":10.0,"vis_miles":6.0,"gust_mph":10.1,"gust_kph":16.2,"uv":1.0},{"time_epoch":1675918800,"time":"2023-02-09 06:00","temp_c":-4.3,"temp_f":24.3,"is_day":0,"condition":{"text":"Jasno","icon":"//cdn.weatherapi.com/weather/64x64/night/113.png","code":1000},"wind_mph":6.0,"wind_kph":9.7,"wind_degree":88,"wind_dir":"E","pressure_mb":1045.0,"pressure_in":30.85,"precip_mm":0.0,"precip_in":0.0,"humidity":75,"cloud":9,"feelslike_c":-8.4,"feelslike_f":16.9,"windchill_c":-8.4,"windchill_f":16.9,"heatindex_c":-4.3,"heatindex_f":24.3,"dewpoint_c":-8.1,"dewpoint_f":17.4,"will_it_rain":0,"chance_of_rain":0,"will_it_snow":0,"chance_of_snow":0,"vis_km":10.0,"vis_miles":6.0,"gust_mph":10.7,"gust_kph":17.3,"uv":1.0},{"time_epoch":1675922400,"time":"2023-02-09 07:00","temp_c":-4.5,"temp_f":23.9,"is_day":0,"condition":{"text":"Jasno","icon":"//cdn.weatherapi.com/weather/64x64/night/113.png","code":1000},"wind_mph":6.3,"wind_kph":10.1,"wind_degree":93,"wind_dir":"E","pressure_mb":1045.0,"pressure_in":30.85,"precip_mm":0.0,"precip_in":0.0,"humidity":75,"cloud":9,"feelslike_c":-8.7,"feelslike_f":16.3,"windchill_c":-8.7,"windchill_f":16.3,"heatindex_c":-4.5,"heatindex_f":23.9,"dewpoint_c":-8.2,"dewpoint_f":17.2,"will_it_rain":0,"chance_of_rain":0,"will_it_snow":0,"chance_of_snow":0,"vis_km":10.0,"vis_miles":6.0,"gust_mph":11.2,"gust_kph":18.0,"uv":1.0},{"time_epoch":1675926000,"time":"2023-02-09 08:00","temp_c":-3.6,"temp_f":25.5,"is_day":1,"condition":{"text":"Slunečno","icon":"//cdn.weatherapi.com/weather/64x64/day/113.png","code":1000},"wind_mph":8.5,"wind_kph":13.7,"wind_degree":103,"wind_dir":"ESE","pressure_mb":1045.0,"pressure_in":30.84,"precip_mm":0.0,"precip_in":0.0,"humidity":68,"cloud":6,"feelslike_c":-8.3,"feelslike_f":17.1,"windchill_c":-8.3,"windchill_f":17.1,"heatindex_c":-3.6,"heatindex_f":25.5,"dewpoint_c":-8.6,"dewpoint_f":16.5,"will_it_rain":0,"chance_of_rain":0,"will_it_snow":0,"chance_of_snow":0,"vis_km":10.0,"vis_miles":6.0,"gust_mph":13.0,"gust_kph":20.9,"uv":2.0},{"time_epoch":1675929600,"time":"2023-02-09 09:00","temp_c":-2.6,"temp_f":27.3,"is_day":1,"condition":{"text":"Slunečno","icon":"//cdn.weatherapi.com/weather/64x64/day/113.png","code":1000},"wind_mph":10.5,"wind_kph":16.9,"wind_degree":112,"wind_dir":"ESE","pressure_mb":1044.0,"pressure_in":30.84,"precip_mm":0.0,"precip_in":0.0,"humidity":62,"cloud":3,"feelslike_c":-7.9,"feelslike_f":17.8,"windchill_c":-7.9,"windchill_f":17.8,"heatindex_c":-2.6,"heatindex_f":27.3,"dewpoint_c":-9.1,"dewpoint_f":15.6,"will_it_rain":0,"chance_of_rain":0,"will_it_snow":0,"chance_of_snow":0,"vis_km":10.0,"vis_miles":6.0,"gust_mph":14.8,"gust_kph":23.8,"uv":2.0},{"time_epoch":1675933200,"time":"2023-02-09 10:00","temp_c":-1.7,"temp_f":28.9,"is_day":1,"condition":{"text":"Slunečno","icon":"//cdn.weatherapi.com/weather/64x64/day/113.png","code":1000},"wind_mph":12.8,"wind_kph":20.5,"wind_degree":122,"wind_dir":"ESE","pressure_mb":1044.0,"pressure_in":30.83,"precip_mm":0.0,"precip_in":0.0,"humidity":55,"cloud":0,"feelslike_c":-7.5,"feelslike_f":18.5,"windchill_c":-7.5,"windchill_f":18.5,"heatindex_c":-1.7,"heatindex_f":28.9,"dewpoint_c":-9.5,"dewpoint_f":14.9,"will_it_rain":0,"chance_of_rain":0,"will_it_snow":0,"chance_of_snow":0,"vis_km":10.0,"vis_miles":6.0,"gust_mph":16.6,"gust_kph":26.6,"uv":2.0},{"time_epoch":1675936800,"time":"2023-02-09 11:00","temp_c":0.2,"temp_f":32.4,"is_day":1,"condition":{"text":"Slunečno","icon":"//cdn.weatherapi.com/weather/64x64/day/113.png","code":1000},"wind_mph":13.9,"wind_kph":22.3,"wind_degree":127,"wind_dir":"SE","pressure_mb":1043.0,"pressure_in":30.81,"precip_mm":0.0,"precip_in":0.0,"humidity":52,"cloud":0,"feelslike_c":-5.3,"feelslike_f":22.5,"windchill_c":-5.3,"windchill_f":22.5,"heatindex_c":0.2,"heatindex_f":32.4,"dewpoint_c":-8.7,"dewpoint_f":16.3,"will_it_rain":0,"chance_of_rain":0,"will_it_snow":0,"chance_of_snow":0,"vis_km":10.0,"vis_miles":6.0,"gust_mph":17.2,"gust_kph":27.7,"uv":2.0},{"time_epoch":1675940400,"time":"2023-02-09 12:00","temp_c":2.0,"temp_f":35.6,"is_day":1,"condition":{"text":"Slunečno","icon":"//cdn.weatherapi.com/weather/64x64/day/113.png","code":1000},"wind_mph":14.8,"wind_kph":23.8,"wind_degree":132,"wind_dir":"SE","pressure_mb":1043.0,"pressure_in":30.79,"precip_mm":0.0,"precip_in":0.0,"humidity":48,"cloud":0,"feelslike_c":-3.2,"feelslike_f":26.2,"windchill_c":-3.2,"windchill_f":26.2,"heatindex_c":2.0,"heatindex_f":35.6,"dewpoint_c":-7.9,"dewpoint_f":17.8,"will_it_rain":0,"chance_of_rain":0,"will_it_snow":0,"chance_of_snow":0,"vis_km":10.0,"vis_miles":6.0,"gust_mph":17.7,"gust_kph":28.4,"uv":2.0},{"time_epoch":1675944000,"time":"2023-02-09 13:00","temp_c":3.9,"temp_f":39.0,"is_day":1,"condition":{"text":"Slunečno","icon":"//cdn.weatherapi.com/weather/64x64/day/113.png","code":1000},"wind_mph":15.9,"wind_kph":25.6,"wind_degree":137,"wind_dir":"SE","pressure_mb":1042.0,"pressure_in":30.77,"precip_mm":0.0,"precip_in":0.0,"humidity":44,"cloud":0,"feelslike_c":-1.0,"feelslike_f":30.2,"windchill_c":-1.0,"windchill_f":30.2,"heatindex_c":3.9,"heatindex_f":39.0,"dewpoint_c":-7.1,"dewpoint_f":19.2,"will_it_rain":0,"chance_of_rain":0,"will_it_snow":0,"chance_of_snow":0,"vis_km":10.0,"vis_miles":6.0,"gust_mph":18.3,"gust_kph":29.5,"uv":2.0},{"time_epoch":1675947600,"time":"2023-02-09 14:00","temp_c":3.6,"temp_f":38.5,"is_day":1,"condition":{"text":"Slunečno","icon":"//cdn.weatherapi.com/weather/64x64/day/113.png","code":1000},"wind_mph":15.2,"wind_kph":24.5,"wind_degree":134,"wind_dir":"SE","pressure_mb":1041.0,"pressure_in":30.75,"precip_mm":0.0,"precip_in":0.0,"humidity":47,"cloud":0,"feelslike_c":-1.2,"feelslike_f":29.8,"windchill_c":-1.2,"windchill_f":29.8,"heatindex_c":3.6,"heatindex_f":38.5,"dewpoint_c":-6.6,"dewpoint_f":20.1,"will_it_rain":0,"chance_of_rain":0,"will_it_snow":0,"chance_of_snow":0,"vis_km":10.0,"vis_miles":6.0,"gust_mph":17.7,"gust_kph":28.4,"uv":2.0},{"time_epoch":1675951200,"time":"2023-02-09 15:00","temp_c":3.4,"temp_f":38.1,"is_day":1,"condition":{"text":"Slunečno","icon":"//cdn.weatherapi.com/weather/64x64/day/113.png","code":1000},"wind_mph":14.8,"wind_kph":23.8,"wind_degree":131,"wind_dir":"SE","pressure_mb":1041.0,"pressure_in":30.74,"precip_mm":0.0,"precip_in":0.0,"humidity":50,"cloud":0,"feelslike_c":-1.5,"feelslike_f":29.3,"windchill_c":-1.5,"windchill_f":29.3,"heatindex_c":3.4,"heatindex_f":38.1,"dewpoint_c":-6.2,"dewpoint_f":20.8,"will_it_rain":0,"chance_of_rain":0,"will_it_snow":0,"chance_of_snow":0,"vis_km":10.0,"vis_miles":6.0,"gust_mph":16.8,"gust_kph":27.0,"uv":2.0},{"time_epoch":1675954800,"time":"2023-02-09 16:00","temp_c":3.1,"temp_f":37.6,"is_day":1,"condition":{"text":"Slunečno","icon":"//cdn.weatherapi.com/weather/64x64/day/113.png","code":1000},"wind_mph":14.1,"wind_kph":22.7,"wind_degree":129,"wind_dir":"SE","pressure_mb":1040.0,"pressure_in":30.72,"precip_mm":0.0,"precip_in":0.0,"humidity":52,"cloud":0,"feelslike_c":-1.7,"feelslike_f":28.9,"windchill_c":-1.7,"windchill_f":28.9,"heatindex_c":3.1,"heatindex_f":37.6,"dewpoint_c":-5.7,"dewpoint_f":21.7,"will_it_rain":0,"chance_of_rain":0,"will_it_snow":0,"chance_of_snow":0,"vis_km":10.0,"vis_miles":6.0,"gust_mph":16.1,"gust_kph":25.9,"uv":2.0},{"time_epoch":1675958400,"time":"2023-02-09 17:00","temp_c":2.4,"temp_f":36.3,"is_day":1,"condition":{"text":"Slunečno","icon":"//cdn.weatherapi.com/weather/64x64/day/113.png","code":1000},"wind_mph":14.8,"wind_kph":23.8,"wind_degree":127,"wind_dir":"SE","pressure_mb":1040.0,"pressure_in":30.71,"precip_mm":0.0,"precip_in":0.0,"humidity":56,"cloud":0,"feelslike_c":-2.7,"feelslike_f":27.1,"windchill_c":-2.7,"windchill_f":27.1,"heatindex_c":2.4,"heatindex_f":36.3,"dewpoint_c":-5.6,"dewpoint_f":21.9,"will_it_rain":0,"chance_of_rain":0,"will_it_snow":0,"chance_of_snow":0,"vis_km":10.0,"vis_miles":6.0,"gust_mph":16.8,"gust_kph":27.0,"uv":2.0},{"time_epoch":1675962000,"time":"2023-02-09 18:00","temp_c":1.8,"temp_f":35.2,"is_day":0,"condition":{"text":"Jasno","icon":"//cdn.weatherapi.com/weather/64x64/night/113.png","code":1000},"wind_mph":15.2,"wind_kph":24.5,"wind_degree":125,"wind_dir":"SE","pressure_mb":1040.0,"pressure_in":30.7,"precip_mm":0.0,"precip_in":0.0,"humidity":59,"cloud":0,"feelslike_c":-3.6,"feelslike_f":25.5,"windchill_c":-3.6,"windchill_f":25.5,"heatindex_c":1.8,"heatindex_f":35.2,"dewpoint_c":-5.5,"dewpoint_f":22.1,"will_it_rain":0,"chance_of_rain":0,"will_it_snow":0,"chance_of_snow":0,"vis_km":10.0,"vis_miles":6.0,"gust_mph":17.7,"gust_kph":28.4,"uv":1.0},{"time_epoch":1675965600,"time":"2023-02-09 19:00","temp_c":1.1,"temp_f":34.0,"is_day":0,"condition":{"text":"Jasno","icon":"//cdn.weatherapi.com/weather/64x64/night/113.png","code":1000},"wind_mph":15.9,"wind_kph":25.6,"wind_degree":124,"wind_dir":"SE","pressure_mb":1039.0,"pressure_in":30.69,"precip_mm":0.0,"precip_in":0.0,"humidity":62,"cloud":0,"feelslike_c":-4.6,"feelslike_f":23.7,"windchill_c":-4.6,"windchill_f":23.7,"heatindex_c":1.1,"heatindex_f":34.0,"dewpoint_c":-5.4,"dewpoint_f":22.3,"will_it_rain":0,"chance_of_rain":0,"will_it_snow":0,"chance_of_snow":0,"vis_km":10.0,"vis_miles":6.0,"gust_mph":18.3,"gust_kph":29.5,"uv":1.0},{"time_epoch":1675969200,"time":"2023-02-09 20:00","temp_c":0.0,"temp_f":32.0,"is_day":0,"condition":{"text":"Jasno","icon":"//cdn.weatherapi.com/weather/64x64/night/113.png","code":1000},"wind_mph":16.8,"wind_kph":27.0,"wind_degree":126,"wind_dir":"SE","pressure_mb":1039.0,"pressure_in":30.68,"precip_mm":0.0,"precip_in":0.0,"humidity":63,"cloud":0,"feelslike_c":-6.2,"feelslike_f":20.8,"windchill_c":-6.2,"windchill_f":20.8,"heatindex_c":0.0,"heatindex_f":32.0,"dewpoint_c":-6.2,"dewpoint_f":20.8,"will_it_rain":0,"chance_of_rain":0,"will_it_snow":0,"chance_of_snow":0,"vis_km":10.0,"vis_miles":6.0,"gust_mph":21.5,"gust_kph":34.6,"uv":1.0},{"time_epoch":1675972800,"time":"2023-02-09 21:00","temp_c":-1.1,"temp_f":30.0,"is_day":0,"condition":{"text":"Jasno","icon":"//cdn.weatherapi.com/weather/64x64/night/113.png","code":1000},"wind_mph":17.7,"wind_kph":28.4,"wind_degree":127,"wind_dir":"SE","pressure_mb":1038.0,"pressure_in":30.66,"precip_mm":0.0,"precip_in":0.0,"humidity":65,"cloud":0,"feelslike_c":-7.7,"feelslike_f":18.1,"windchill_c":-7.7,"windchill_f":18.1,"heatindex_c":-1.1,"heatindex_f":30.0,"dewpoint_c":-6.9,"dewpoint_f":19.6,"will_it_rain":0,"chance_of_rain":0,"will_it_snow":0,"chance_of_snow":0,"vis_km":10.0,"vis_miles":6.0,"gust_mph":24.8,"gust_kph":40.0,"uv":1.0},{"time_epoch":1675976400,"time":"2023-02-09 22:00","temp_c":-2.2,"temp_f":28.0,"is_day":0,"condition":{"text":"Jasno","icon":"//cdn.weatherapi.com/weather/64x64/night/113.png","code":1000},"wind_mph":18.6,"wind_kph":29.9,"wind_degree":129,"wind_dir":"SE","pressure_mb":1038.0,"pressure_in":30.64,"precip_mm":0.0,"precip_in":0.0,"humidity":66,"cloud":0,"feelslike_c":-9.3,"feelslike_f":15.3,"windchill_c":-9.3,"windchill_f":15.3,"heatindex_c":-2.2,"heatindex_f":28.0,"dewpoint_c":-7.7,"dewpoint_f":18.1,"will_it_rain":0,"chance_of_rain":0,"will_it_snow":0,"chance_of_snow":0,"vis_km":10.0,"vis_miles":6.0,"gust_mph":28.0,"gust_kph":45.0,"uv":1.0},{"time_epoch":1675980000,"time":"2023-02-09 23:00","temp_c":-2.4,"temp_f":27.7,"is_day":0,"condition":{"text":"Jasno","icon":"//cdn.weatherapi.com/weather/64x64/night/113.png","code":1000},"wind_mph":18.6,"wind_kph":29.9,"wind_degree":128,"wind_dir":"SE","pressure_mb":1037.0,"pressure_in":30.63,"precip_mm":0.0,"precip_in":0.0,"humidity":67,"cloud":0,"feelslike_c":-9.5,"feelslike_f":14.9,"windchill_c":-9.5,"windchill_f":14.9,"heatindex_c":-2.4,"heatindex_f":27.7,"dewpoint_c":-7.7,"dewpoint_f":18.1,"will_it_rain":0,"chance_of_rain":0,"will_it_snow":0,"chance_of_snow":0,"vis_km":10.0,"vis_miles":6.0,"gust_mph":28.0,"gust_kph":45.0,"uv":1.0}]}]},"alerts":{"alert":[]}}